variant_key	VariationID	protein_change	cDNA_change	PMID	DOI	search_query	paper_type	variant_exactly_tested	functional_evidence	clinical_evidence	segregation_evidence	expert_evidence	verification_status	notes
GRCh38:17:43124092:T:C	868684	Asp2Gly	c.5A>G				NONE	no	no	no	no	no	NONE	no PubMed record
GRCh38:17:43115775:C:T	868122	Glu29Lys	c.85G>A	42616000		BRCA1 Glu29Lys; BRCA1 c.85G>A	GENE_LEVEL	no	no	no	no	no	NOT_VERIFIED	
GRCh38:17:43115775:C:T	868122	Glu29Lys	c.85G>A	42615970		BRCA1 Glu29Lys; BRCA1 c.85G>A	GENE_LEVEL	no	no	no	no	no	NOT_VERIFIED	
GRCh38:17:43115775:C:T	868122	Glu29Lys	c.85G>A	42614771		BRCA1 Glu29Lys; BRCA1 c.85G>A	GENE_LEVEL	no	no	no	no	no	NOT_VERIFIED	
GRCh38:17:43115775:C:T	868122	Glu29Lys	c.85G>A	42614515		BRCA1 Glu29Lys; BRCA1 c.85G>A	GENE_LEVEL	no	no	no	no	no	NOT_VERIFIED	
GRCh38:17:43115775:C:T	868122	Glu29Lys	c.85G>A	42611417		BRCA1 Glu29Lys; BRCA1 c.85G>A	GENE_LEVEL	no	no	no	no	no	NOT_VERIFIED	
GRCh38:17:43106522:A:G	867886	Leu49Pro	c.146T>C	42616000		BRCA1 Leu49Pro; BRCA1 c.146T>C	GENE_LEVEL	no	no	no	no	no	NOT_VERIFIED	
GRCh38:17:43106522:A:G	867886	Leu49Pro	c.146T>C	42609450		BRCA1 Leu49Pro; BRCA1 c.146T>C	GENE_LEVEL	no	no	no	no	no	NOT_VERIFIED	
GRCh38:17:43106522:A:G	867886	Leu49Pro	c.146T>C	42584742		BRCA1 Leu49Pro; BRCA1 c.146T>C	GENE_LEVEL	no	no	no	no	no	NOT_VERIFIED	
GRCh38:17:43106522:A:G	867886	Leu49Pro	c.146T>C	42580099		BRCA1 Leu49Pro; BRCA1 c.146T>C	GENE_LEVEL	no	no	no	no	no	NOT_VERIFIED	
GRCh38:17:43106522:A:G	867886	Leu49Pro	c.146T>C	42560601		BRCA1 Leu49Pro; BRCA1 c.146T>C	GENE_LEVEL	no	no	no	no	no	NOT_VERIFIED	
GRCh38:17:43104933:A:C	867368	Phe79Cys	c.236T>G	42616000		BRCA1 Phe79Cys; BRCA1 c.236T>G	GENE_LEVEL	no	no	no	no	no	NOT_VERIFIED	
GRCh38:17:43104933:A:C	867368	Phe79Cys	c.236T>G	42615970		BRCA1 Phe79Cys; BRCA1 c.236T>G	GENE_LEVEL	no	no	no	no	no	NOT_VERIFIED	
GRCh38:17:43104933:A:C	867368	Phe79Cys	c.236T>G	42614771		BRCA1 Phe79Cys; BRCA1 c.236T>G	GENE_LEVEL	no	no	no	no	no	NOT_VERIFIED	
GRCh38:17:43104933:A:C	867368	Phe79Cys	c.236T>G	42614515		BRCA1 Phe79Cys; BRCA1 c.236T>G	GENE_LEVEL	no	no	no	no	no	NOT_VERIFIED	
GRCh38:17:43104933:A:C	867368	Phe79Cys	c.236T>G	42611417		BRCA1 Phe79Cys; BRCA1 c.236T>G	GENE_LEVEL	no	no	no	no	no	NOT_VERIFIED	
GRCh38:17:43104933:A:C	867368	Phe79Cys	c.236T>G	42609450		BRCA1 Phe79Cys; BRCA1 c.236T>G	GENE_LEVEL	no	no	no	no	no	NOT_VERIFIED	
GRCh38:17:43104933:A:C	867368	Phe79Cys	c.236T>G	42581048		BRCA1 Phe79Cys; BRCA1 c.236T>G	GENE_LEVEL	no	no	no	no	no	NOT_VERIFIED	
GRCh38:17:43104933:A:C	867368	Phe79Cys	c.236T>G	42572185		BRCA1 Phe79Cys; BRCA1 c.236T>G	GENE_LEVEL	no	no	no	no	no	NOT_VERIFIED	
GRCh38:17:43104933:A:C	867368	Phe79Cys	c.236T>G	42558868		BRCA1 Phe79Cys; BRCA1 c.236T>G	GENE_LEVEL	no	no	no	no	no	NOT_VERIFIED	
GRCh38:17:43104933:A:C	867368	Phe79Cys	c.236T>G	42513228		BRCA1 Phe79Cys; BRCA1 c.236T>G	GENE_LEVEL	no	no	no	no	no	NOT_VERIFIED	
GRCh38:17:43070980:C:A	55320	Arg1645Met	c.4934G>T	42616000		BRCA1 Arg1645Met; BRCA1 c.4934G>T	GENE_LEVEL	no	no	no	no	no	NOT_VERIFIED	
GRCh38:17:43070980:C:A	55320	Arg1645Met	c.4934G>T	42615970		BRCA1 Arg1645Met; BRCA1 c.4934G>T	GENE_LEVEL	no	no	no	no	no	NOT_VERIFIED	
GRCh38:17:43070980:C:A	55320	Arg1645Met	c.4934G>T	42614771		BRCA1 Arg1645Met; BRCA1 c.4934G>T	GENE_LEVEL	no	no	no	no	no	NOT_VERIFIED	
GRCh38:17:43070980:C:A	55320	Arg1645Met	c.4934G>T	42614515		BRCA1 Arg1645Met; BRCA1 c.4934G>T	GENE_LEVEL	no	no	no	no	no	NOT_VERIFIED	
GRCh38:17:43070980:C:A	55320	Arg1645Met	c.4934G>T	42611417		BRCA1 Arg1645Met; BRCA1 c.4934G>T	GENE_LEVEL	no	no	no	no	no	NOT_VERIFIED	
GRCh38:17:43070980:C:A	55320	Arg1645Met	c.4934G>T	42610144		BRCA1 Arg1645Met; BRCA1 c.4934G>T	GENE_LEVEL	no	no	no	no	no	NOT_VERIFIED	
GRCh38:17:43070980:C:A	55320	Arg1645Met	c.4934G>T	42609450		BRCA1 Arg1645Met; BRCA1 c.4934G>T	GENE_LEVEL	no	no	no	no	no	NOT_VERIFIED	
GRCh38:17:43070980:C:A	55320	Arg1645Met	c.4934G>T	42597706		BRCA1 Arg1645Met; BRCA1 c.4934G>T	GENE_LEVEL	no	no	no	no	no	NOT_VERIFIED	
GRCh38:17:43070980:C:A	55320	Arg1645Met	c.4934G>T	42581048		BRCA1 Arg1645Met; BRCA1 c.4934G>T	GENE_LEVEL	no	no	no	no	no	NOT_VERIFIED	
GRCh38:17:43070980:C:A	55320	Arg1645Met	c.4934G>T	42580462		BRCA1 Arg1645Met; BRCA1 c.4934G>T	GENE_LEVEL	no	no	no	no	no	NOT_VERIFIED	
GRCh38:17:43063928:T:G	531317	Thr1700Pro	c.5098A>C	42616000		BRCA1 Thr1700Pro; BRCA1 c.5098A>C	GENE_LEVEL	no	no	no	no	no	NOT_VERIFIED	
GRCh38:17:43063928:T:G	531317	Thr1700Pro	c.5098A>C	42615970		BRCA1 Thr1700Pro; BRCA1 c.5098A>C	GENE_LEVEL	no	no	no	no	no	NOT_VERIFIED	
GRCh38:17:43063928:T:G	531317	Thr1700Pro	c.5098A>C	42614771		BRCA1 Thr1700Pro; BRCA1 c.5098A>C	GENE_LEVEL	no	no	no	no	no	NOT_VERIFIED	
GRCh38:17:43063928:T:G	531317	Thr1700Pro	c.5098A>C	42614515		BRCA1 Thr1700Pro; BRCA1 c.5098A>C	GENE_LEVEL	no	no	no	no	no	NOT_VERIFIED	
GRCh38:17:43063928:T:G	531317	Thr1700Pro	c.5098A>C	42611417		BRCA1 Thr1700Pro; BRCA1 c.5098A>C	GENE_LEVEL	no	no	no	no	no	NOT_VERIFIED	
GRCh38:17:43063928:T:G	531317	Thr1700Pro	c.5098A>C	42609450		BRCA1 Thr1700Pro; BRCA1 c.5098A>C	GENE_LEVEL	no	no	no	no	no	NOT_VERIFIED	
GRCh38:17:43063928:T:G	531317	Thr1700Pro	c.5098A>C	42584742		BRCA1 Thr1700Pro; BRCA1 c.5098A>C	GENE_LEVEL	no	no	no	no	no	NOT_VERIFIED	
GRCh38:17:43063928:T:G	531317	Thr1700Pro	c.5098A>C	42580099		BRCA1 Thr1700Pro; BRCA1 c.5098A>C	GENE_LEVEL	no	no	no	no	no	NOT_VERIFIED	
GRCh38:17:43063928:T:G	531317	Thr1700Pro	c.5098A>C	42560601		BRCA1 Thr1700Pro; BRCA1 c.5098A>C	GENE_LEVEL	no	no	no	no	no	NOT_VERIFIED	
GRCh38:17:43063340:A:G	825518	Leu1729Pro	c.5186T>C	42616000		BRCA1 Leu1729Pro; BRCA1 c.5186T>C	GENE_LEVEL	no	no	no	no	no	NOT_VERIFIED	
GRCh38:17:43063340:A:G	825518	Leu1729Pro	c.5186T>C	42615970		BRCA1 Leu1729Pro; BRCA1 c.5186T>C	GENE_LEVEL	no	no	no	no	no	NOT_VERIFIED	
GRCh38:17:43063340:A:G	825518	Leu1729Pro	c.5186T>C	42614771		BRCA1 Leu1729Pro; BRCA1 c.5186T>C	GENE_LEVEL	no	no	no	no	no	NOT_VERIFIED	
GRCh38:17:43063340:A:G	825518	Leu1729Pro	c.5186T>C	42614515		BRCA1 Leu1729Pro; BRCA1 c.5186T>C	GENE_LEVEL	no	no	no	no	no	NOT_VERIFIED	
GRCh38:17:43063340:A:G	825518	Leu1729Pro	c.5186T>C	42611417		BRCA1 Leu1729Pro; BRCA1 c.5186T>C	GENE_LEVEL	no	no	no	no	no	NOT_VERIFIED	
GRCh38:17:43063340:A:G	825518	Leu1729Pro	c.5186T>C	42609450		BRCA1 Leu1729Pro; BRCA1 c.5186T>C	GENE_LEVEL	no	no	no	no	no	NOT_VERIFIED	
GRCh38:17:43063340:A:G	825518	Leu1729Pro	c.5186T>C	42584742		BRCA1 Leu1729Pro; BRCA1 c.5186T>C	GENE_LEVEL	no	no	no	no	no	NOT_VERIFIED	
GRCh38:17:43063340:A:G	825518	Leu1729Pro	c.5186T>C	42580099		BRCA1 Leu1729Pro; BRCA1 c.5186T>C	GENE_LEVEL	no	no	no	no	no	NOT_VERIFIED	
GRCh38:17:43063340:A:G	825518	Leu1729Pro	c.5186T>C	42560601		BRCA1 Leu1729Pro; BRCA1 c.5186T>C	GENE_LEVEL	no	no	no	no	no	NOT_VERIFIED	
GRCh38:17:43051108:C:G	234183	Gly1763Arg	c.5287G>C	42616000		BRCA1 Gly1763Arg; BRCA1 c.5287G>C	GENE_LEVEL	no	no	no	no	no	NOT_VERIFIED	
GRCh38:17:43051108:C:G	234183	Gly1763Arg	c.5287G>C	42615970		BRCA1 Gly1763Arg; BRCA1 c.5287G>C	GENE_LEVEL	no	no	no	no	no	NOT_VERIFIED	
GRCh38:17:43051108:C:G	234183	Gly1763Arg	c.5287G>C	42614771		BRCA1 Gly1763Arg; BRCA1 c.5287G>C	GENE_LEVEL	no	no	no	no	no	NOT_VERIFIED	
GRCh38:17:43051108:C:G	234183	Gly1763Arg	c.5287G>C	42614515		BRCA1 Gly1763Arg; BRCA1 c.5287G>C	GENE_LEVEL	no	no	no	no	no	NOT_VERIFIED	
GRCh38:17:43051108:C:G	234183	Gly1763Arg	c.5287G>C	42611417		BRCA1 Gly1763Arg; BRCA1 c.5287G>C	GENE_LEVEL	no	no	no	no	no	NOT_VERIFIED	
GRCh38:17:43051108:C:G	234183	Gly1763Arg	c.5287G>C	42609450		BRCA1 Gly1763Arg; BRCA1 c.5287G>C	GENE_LEVEL	no	no	no	no	no	NOT_VERIFIED	
GRCh38:17:43051108:C:G	234183	Gly1763Arg	c.5287G>C	42584742		BRCA1 Gly1763Arg; BRCA1 c.5287G>C	GENE_LEVEL	no	no	no	no	no	NOT_VERIFIED	
GRCh38:17:43051108:C:G	234183	Gly1763Arg	c.5287G>C	42580099		BRCA1 Gly1763Arg; BRCA1 c.5287G>C	GENE_LEVEL	no	no	no	no	no	NOT_VERIFIED	
GRCh38:17:43051108:C:G	234183	Gly1763Arg	c.5287G>C	42560601		BRCA1 Gly1763Arg; BRCA1 c.5287G>C	GENE_LEVEL	no	no	no	no	no	NOT_VERIFIED	
GRCh38:17:43049152:A:T	868389	Val1792Glu	c.5375T>A	42616000		BRCA1 Val1792Glu; BRCA1 c.5375T>A	GENE_LEVEL	no	no	no	no	no	NOT_VERIFIED	
GRCh38:17:43049152:A:T	868389	Val1792Glu	c.5375T>A	42615970		BRCA1 Val1792Glu; BRCA1 c.5375T>A	GENE_LEVEL	no	no	no	no	no	NOT_VERIFIED	
GRCh38:17:43049152:A:T	868389	Val1792Glu	c.5375T>A	42614771		BRCA1 Val1792Glu; BRCA1 c.5375T>A	GENE_LEVEL	no	no	no	no	no	NOT_VERIFIED	
GRCh38:17:43049152:A:T	868389	Val1792Glu	c.5375T>A	42614515		BRCA1 Val1792Glu; BRCA1 c.5375T>A	GENE_LEVEL	no	no	no	no	no	NOT_VERIFIED	
GRCh38:17:43049152:A:T	868389	Val1792Glu	c.5375T>A	42611417		BRCA1 Val1792Glu; BRCA1 c.5375T>A	GENE_LEVEL	no	no	no	no	no	NOT_VERIFIED	
GRCh38:17:43045706:A:T	868679	Ile1855Lys	c.5564T>A	42616000		BRCA1 Ile1855Lys; BRCA1 c.5564T>A	GENE_LEVEL	no	no	no	no	no	NOT_VERIFIED	
GRCh38:17:43045706:A:T	868679	Ile1855Lys	c.5564T>A	42615970		BRCA1 Ile1855Lys; BRCA1 c.5564T>A	GENE_LEVEL	no	no	no	no	no	NOT_VERIFIED	
GRCh38:17:43045706:A:T	868679	Ile1855Lys	c.5564T>A	42614771		BRCA1 Ile1855Lys; BRCA1 c.5564T>A	GENE_LEVEL	no	no	no	no	no	NOT_VERIFIED	
GRCh38:17:43045706:A:T	868679	Ile1855Lys	c.5564T>A	42614515		BRCA1 Ile1855Lys; BRCA1 c.5564T>A	GENE_LEVEL	no	no	no	no	no	NOT_VERIFIED	
GRCh38:17:43045706:A:T	868679	Ile1855Lys	c.5564T>A	42611417		BRCA1 Ile1855Lys; BRCA1 c.5564T>A	GENE_LEVEL	no	no	no	no	no	NOT_VERIFIED	
GRCh38:17:43124041:T:C	864052	Gln19Arg	c.56A>G	42609450		BRCA1 Gln19Arg; BRCA1 c.56A>G	GENE_LEVEL	no	no	no	no	no	NOT_VERIFIED	
GRCh38:17:43124041:T:C	864052	Gln19Arg	c.56A>G	42581048		BRCA1 Gln19Arg; BRCA1 c.56A>G	GENE_LEVEL	no	no	no	no	no	NOT_VERIFIED	
GRCh38:17:43124041:T:C	864052	Gln19Arg	c.56A>G	42572185		BRCA1 Gln19Arg; BRCA1 c.56A>G	GENE_LEVEL	no	no	no	no	no	NOT_VERIFIED	
GRCh38:17:43124041:T:C	864052	Gln19Arg	c.56A>G	42558868		BRCA1 Gln19Arg; BRCA1 c.56A>G	GENE_LEVEL	no	no	no	no	no	NOT_VERIFIED	
GRCh38:17:43124041:T:C	864052	Gln19Arg	c.56A>G	42513228		BRCA1 Gln19Arg; BRCA1 c.56A>G	GENE_LEVEL	no	no	no	no	no	NOT_VERIFIED	
GRCh38:17:43106468:T:A	409307	Asp67Val	c.200A>T	42610144		BRCA1 Asp67Val; BRCA1 c.200A>T	GENE_LEVEL	no	no	no	no	no	NOT_VERIFIED	
GRCh38:17:43106468:T:A	409307	Asp67Val	c.200A>T	42609450		BRCA1 Asp67Val; BRCA1 c.200A>T	GENE_LEVEL	no	no	no	no	no	NOT_VERIFIED	
GRCh38:17:43106468:T:A	409307	Asp67Val	c.200A>T	42597706		BRCA1 Asp67Val; BRCA1 c.200A>T	GENE_LEVEL	no	no	no	no	no	NOT_VERIFIED	
GRCh38:17:43106468:T:A	409307	Asp67Val	c.200A>T	42581048		BRCA1 Asp67Val; BRCA1 c.200A>T	GENE_LEVEL	no	no	no	no	no	NOT_VERIFIED	
GRCh38:17:43106468:T:A	409307	Asp67Val	c.200A>T	42580462		BRCA1 Asp67Val; BRCA1 c.200A>T	GENE_LEVEL	no	no	no	no	no	NOT_VERIFIED	
GRCh38:17:43104943:T:C	867985	Ser76Gly	c.226A>G	42616000		BRCA1 Ser76Gly; BRCA1 c.226A>G	GENE_LEVEL	no	no	no	no	no	NOT_VERIFIED	
GRCh38:17:43104943:T:C	867985	Ser76Gly	c.226A>G	42615970		BRCA1 Ser76Gly; BRCA1 c.226A>G	GENE_LEVEL	no	no	no	no	no	NOT_VERIFIED	
GRCh38:17:43104943:T:C	867985	Ser76Gly	c.226A>G	42614771		BRCA1 Ser76Gly; BRCA1 c.226A>G	GENE_LEVEL	no	no	no	no	no	NOT_VERIFIED	
GRCh38:17:43104943:T:C	867985	Ser76Gly	c.226A>G	42614515		BRCA1 Ser76Gly; BRCA1 c.226A>G	GENE_LEVEL	no	no	no	no	no	NOT_VERIFIED	
GRCh38:17:43104943:T:C	867985	Ser76Gly	c.226A>G	42611417		BRCA1 Ser76Gly; BRCA1 c.226A>G	GENE_LEVEL	no	no	no	no	no	NOT_VERIFIED	
GRCh38:17:43104943:T:C	867985	Ser76Gly	c.226A>G	42609450		BRCA1 Ser76Gly; BRCA1 c.226A>G	GENE_LEVEL	no	no	no	no	no	NOT_VERIFIED	
GRCh38:17:43104943:T:C	867985	Ser76Gly	c.226A>G	42581048		BRCA1 Ser76Gly; BRCA1 c.226A>G	GENE_LEVEL	no	no	no	no	no	NOT_VERIFIED	
GRCh38:17:43104943:T:C	867985	Ser76Gly	c.226A>G	42572185		BRCA1 Ser76Gly; BRCA1 c.226A>G	GENE_LEVEL	no	no	no	no	no	NOT_VERIFIED	
GRCh38:17:43104943:T:C	867985	Ser76Gly	c.226A>G	42558868		BRCA1 Ser76Gly; BRCA1 c.226A>G	GENE_LEVEL	no	no	no	no	no	NOT_VERIFIED	
GRCh38:17:43104943:T:C	867985	Ser76Gly	c.226A>G	42513228		BRCA1 Ser76Gly; BRCA1 c.226A>G	GENE_LEVEL	no	no	no	no	no	NOT_VERIFIED	
GRCh38:17:43104918:T:C	868310	Glu84Gly	c.251A>G				NONE	no	no	no	no	no	NONE	no PubMed record
GRCh38:17:43104909:A:G	865611	Leu87Ser	c.260T>C	42616000		BRCA1 Leu87Ser; BRCA1 c.260T>C	GENE_LEVEL	no	no	no	no	no	NOT_VERIFIED	
GRCh38:17:43104909:A:G	865611	Leu87Ser	c.260T>C	42615970		BRCA1 Leu87Ser; BRCA1 c.260T>C	GENE_LEVEL	no	no	no	no	no	NOT_VERIFIED	
GRCh38:17:43104909:A:G	865611	Leu87Ser	c.260T>C	42614771		BRCA1 Leu87Ser; BRCA1 c.260T>C	GENE_LEVEL	no	no	no	no	no	NOT_VERIFIED	
GRCh38:17:43104909:A:G	865611	Leu87Ser	c.260T>C	42614515		BRCA1 Leu87Ser; BRCA1 c.260T>C	GENE_LEVEL	no	no	no	no	no	NOT_VERIFIED	
GRCh38:17:43104909:A:G	865611	Leu87Ser	c.260T>C	42611417		BRCA1 Leu87Ser; BRCA1 c.260T>C	GENE_LEVEL	no	no	no	no	no	NOT_VERIFIED	
GRCh38:17:43063900:C:G	868687	Gly1709Ala	c.5126G>C	42616000		BRCA1 Gly1709Ala; BRCA1 c.5126G>C	GENE_LEVEL	no	no	no	no	no	NOT_VERIFIED	
GRCh38:17:43063900:C:G	868687	Gly1709Ala	c.5126G>C	42615970		BRCA1 Gly1709Ala; BRCA1 c.5126G>C	GENE_LEVEL	no	no	no	no	no	NOT_VERIFIED	
GRCh38:17:43063900:C:G	868687	Gly1709Ala	c.5126G>C	42614771		BRCA1 Gly1709Ala; BRCA1 c.5126G>C	GENE_LEVEL	no	no	no	no	no	NOT_VERIFIED	
GRCh38:17:43063900:C:G	868687	Gly1709Ala	c.5126G>C	42614515		BRCA1 Gly1709Ala; BRCA1 c.5126G>C	GENE_LEVEL	no	no	no	no	no	NOT_VERIFIED	
GRCh38:17:43063900:C:G	868687	Gly1709Ala	c.5126G>C	42611417		BRCA1 Gly1709Ala; BRCA1 c.5126G>C	GENE_LEVEL	no	no	no	no	no	NOT_VERIFIED	
GRCh38:17:43063900:C:G	868687	Gly1709Ala	c.5126G>C	42609450		BRCA1 Gly1709Ala; BRCA1 c.5126G>C	GENE_LEVEL	no	no	no	no	no	NOT_VERIFIED	
GRCh38:17:43063900:C:G	868687	Gly1709Ala	c.5126G>C	42584742		BRCA1 Gly1709Ala; BRCA1 c.5126G>C	GENE_LEVEL	no	no	no	no	no	NOT_VERIFIED	
GRCh38:17:43063900:C:G	868687	Gly1709Ala	c.5126G>C	42580099		BRCA1 Gly1709Ala; BRCA1 c.5126G>C	GENE_LEVEL	no	no	no	no	no	NOT_VERIFIED	
GRCh38:17:43063900:C:G	868687	Gly1709Ala	c.5126G>C	42560601		BRCA1 Gly1709Ala; BRCA1 c.5126G>C	GENE_LEVEL	no	no	no	no	no	NOT_VERIFIED	
GRCh38:17:43063370:A:G	652310	Val1719Ala	c.5156T>C	42616000		BRCA1 Val1719Ala; BRCA1 c.5156T>C	GENE_LEVEL	no	no	no	no	no	NOT_VERIFIED	
GRCh38:17:43063370:A:G	652310	Val1719Ala	c.5156T>C	42615970		BRCA1 Val1719Ala; BRCA1 c.5156T>C	GENE_LEVEL	no	no	no	no	no	NOT_VERIFIED	
GRCh38:17:43063370:A:G	652310	Val1719Ala	c.5156T>C	42614771		BRCA1 Val1719Ala; BRCA1 c.5156T>C	GENE_LEVEL	no	no	no	no	no	NOT_VERIFIED	
GRCh38:17:43063370:A:G	652310	Val1719Ala	c.5156T>C	42614515		BRCA1 Val1719Ala; BRCA1 c.5156T>C	GENE_LEVEL	no	no	no	no	no	NOT_VERIFIED	
GRCh38:17:43063370:A:G	652310	Val1719Ala	c.5156T>C	42611417		BRCA1 Val1719Ala; BRCA1 c.5156T>C	GENE_LEVEL	no	no	no	no	no	NOT_VERIFIED	
GRCh38:17:43063370:A:G	652310	Val1719Ala	c.5156T>C	42609450		BRCA1 Val1719Ala; BRCA1 c.5156T>C	GENE_LEVEL	no	no	no	no	no	NOT_VERIFIED	
GRCh38:17:43063370:A:G	652310	Val1719Ala	c.5156T>C	42584742		BRCA1 Val1719Ala; BRCA1 c.5156T>C	GENE_LEVEL	no	no	no	no	no	NOT_VERIFIED	
GRCh38:17:43063370:A:G	652310	Val1719Ala	c.5156T>C	42580099		BRCA1 Val1719Ala; BRCA1 c.5156T>C	GENE_LEVEL	no	no	no	no	no	NOT_VERIFIED	
GRCh38:17:43063370:A:G	652310	Val1719Ala	c.5156T>C	42560601		BRCA1 Val1719Ala; BRCA1 c.5156T>C	GENE_LEVEL	no	no	no	no	no	NOT_VERIFIED	
GRCh38:17:43063334:T:C	867786	Glu1731Gly	c.5192A>G	42616000		BRCA1 Glu1731Gly; BRCA1 c.5192A>G	GENE_LEVEL	no	no	no	no	no	NOT_VERIFIED	
GRCh38:17:43063334:T:C	867786	Glu1731Gly	c.5192A>G	42615970		BRCA1 Glu1731Gly; BRCA1 c.5192A>G	GENE_LEVEL	no	no	no	no	no	NOT_VERIFIED	
GRCh38:17:43063334:T:C	867786	Glu1731Gly	c.5192A>G	42614771		BRCA1 Glu1731Gly; BRCA1 c.5192A>G	GENE_LEVEL	no	no	no	no	no	NOT_VERIFIED	
GRCh38:17:43063334:T:C	867786	Glu1731Gly	c.5192A>G	42614515		BRCA1 Glu1731Gly; BRCA1 c.5192A>G	GENE_LEVEL	no	no	no	no	no	NOT_VERIFIED	
GRCh38:17:43063334:T:C	867786	Glu1731Gly	c.5192A>G	42611417		BRCA1 Glu1731Gly; BRCA1 c.5192A>G	GENE_LEVEL	no	no	no	no	no	NOT_VERIFIED	
GRCh38:17:43063334:T:C	867786	Glu1731Gly	c.5192A>G	42609450		BRCA1 Glu1731Gly; BRCA1 c.5192A>G	GENE_LEVEL	no	no	no	no	no	NOT_VERIFIED	
GRCh38:17:43063334:T:C	867786	Glu1731Gly	c.5192A>G	42581048		BRCA1 Glu1731Gly; BRCA1 c.5192A>G	GENE_LEVEL	no	no	no	no	no	NOT_VERIFIED	
GRCh38:17:43063334:T:C	867786	Glu1731Gly	c.5192A>G	42572185		BRCA1 Glu1731Gly; BRCA1 c.5192A>G	GENE_LEVEL	no	no	no	no	no	NOT_VERIFIED	
GRCh38:17:43063334:T:C	867786	Glu1731Gly	c.5192A>G	42558868		BRCA1 Glu1731Gly; BRCA1 c.5192A>G	GENE_LEVEL	no	no	no	no	no	NOT_VERIFIED	
GRCh38:17:43063334:T:C	867786	Glu1731Gly	c.5192A>G	42513228		BRCA1 Glu1731Gly; BRCA1 c.5192A>G	GENE_LEVEL	no	no	no	no	no	NOT_VERIFIED	
GRCh38:17:43051107:C:G	868287	Gly1763Ala	c.5288G>C	42616000		BRCA1 Gly1763Ala; BRCA1 c.5288G>C	GENE_LEVEL	no	no	no	no	no	NOT_VERIFIED	
GRCh38:17:43051107:C:G	868287	Gly1763Ala	c.5288G>C	42615970		BRCA1 Gly1763Ala; BRCA1 c.5288G>C	GENE_LEVEL	no	no	no	no	no	NOT_VERIFIED	
GRCh38:17:43051107:C:G	868287	Gly1763Ala	c.5288G>C	42614771		BRCA1 Gly1763Ala; BRCA1 c.5288G>C	GENE_LEVEL	no	no	no	no	no	NOT_VERIFIED	
GRCh38:17:43051107:C:G	868287	Gly1763Ala	c.5288G>C	42614515		BRCA1 Gly1763Ala; BRCA1 c.5288G>C	GENE_LEVEL	no	no	no	no	no	NOT_VERIFIED	
GRCh38:17:43051107:C:G	868287	Gly1763Ala	c.5288G>C	42611417		BRCA1 Gly1763Ala; BRCA1 c.5288G>C	GENE_LEVEL	no	no	no	no	no	NOT_VERIFIED	
GRCh38:17:43051107:C:G	868287	Gly1763Ala	c.5288G>C	42609450		BRCA1 Gly1763Ala; BRCA1 c.5288G>C	GENE_LEVEL	no	no	no	no	no	NOT_VERIFIED	
GRCh38:17:43051107:C:G	868287	Gly1763Ala	c.5288G>C	42584742		BRCA1 Gly1763Ala; BRCA1 c.5288G>C	GENE_LEVEL	no	no	no	no	no	NOT_VERIFIED	
GRCh38:17:43051107:C:G	868287	Gly1763Ala	c.5288G>C	42580099		BRCA1 Gly1763Ala; BRCA1 c.5288G>C	GENE_LEVEL	no	no	no	no	no	NOT_VERIFIED	
GRCh38:17:43051107:C:G	868287	Gly1763Ala	c.5288G>C	42560601		BRCA1 Gly1763Ala; BRCA1 c.5288G>C	GENE_LEVEL	no	no	no	no	no	NOT_VERIFIED	
GRCh38:17:43045721:A:G	867653	Leu1850Pro	c.5549T>C	42616000		BRCA1 Leu1850Pro; BRCA1 c.5549T>C	GENE_LEVEL	no	no	no	no	no	NOT_VERIFIED	
GRCh38:17:43045721:A:G	867653	Leu1850Pro	c.5549T>C	42615970		BRCA1 Leu1850Pro; BRCA1 c.5549T>C	GENE_LEVEL	no	no	no	no	no	NOT_VERIFIED	
GRCh38:17:43045721:A:G	867653	Leu1850Pro	c.5549T>C	42614771		BRCA1 Leu1850Pro; BRCA1 c.5549T>C	GENE_LEVEL	no	no	no	no	no	NOT_VERIFIED	
GRCh38:17:43045721:A:G	867653	Leu1850Pro	c.5549T>C	42614515		BRCA1 Leu1850Pro; BRCA1 c.5549T>C	GENE_LEVEL	no	no	no	no	no	NOT_VERIFIED	
GRCh38:17:43045721:A:G	867653	Leu1850Pro	c.5549T>C	42611417		BRCA1 Leu1850Pro; BRCA1 c.5549T>C	GENE_LEVEL	no	no	no	no	no	NOT_VERIFIED	
GRCh38:17:43045721:A:G	867653	Leu1850Pro	c.5549T>C	42609450		BRCA1 Leu1850Pro; BRCA1 c.5549T>C	GENE_LEVEL	no	no	no	no	no	NOT_VERIFIED	
GRCh38:17:43045721:A:G	867653	Leu1850Pro	c.5549T>C	42584742		BRCA1 Leu1850Pro; BRCA1 c.5549T>C	GENE_LEVEL	no	no	no	no	no	NOT_VERIFIED	
GRCh38:17:43045721:A:G	867653	Leu1850Pro	c.5549T>C	42580099		BRCA1 Leu1850Pro; BRCA1 c.5549T>C	GENE_LEVEL	no	no	no	no	no	NOT_VERIFIED	
GRCh38:17:43045721:A:G	867653	Leu1850Pro	c.5549T>C	42560601		BRCA1 Leu1850Pro; BRCA1 c.5549T>C	GENE_LEVEL	no	no	no	no	no	NOT_VERIFIED	
GRCh38:17:43104888:T:G	865628	Gln94Pro	c.281A>C	37956408		BRCA1 Gln94Pro; BRCA1 c.281A>C	GENE_LEVEL	no	no	no	no	no	NOT_VERIFIED	
GRCh38:17:43104888:T:G	865628	Gln94Pro	c.281A>C	31058963		BRCA1 Gln94Pro; BRCA1 c.281A>C	GENE_LEVEL	no	no	no	no	no	NOT_VERIFIED	
GRCh38:17:43104881:G:T	868828	Asp96Glu	c.288C>A				NONE	no	no	no	no	no	NONE	no PubMed record
GRCh38:17:43104877:C:G	54724	Gly98Arg	c.292G>C				NONE	no	no	no	no	no	NONE	no PubMed record
GRCh38:17:43047691:T:A	825717	Ile1807Phe	c.5419A>T	42616000		BRCA1 Ile1807Phe; BRCA1 c.5419A>T	GENE_LEVEL	no	no	no	no	no	NOT_VERIFIED	
GRCh38:17:43047691:T:A	825717	Ile1807Phe	c.5419A>T	42615970		BRCA1 Ile1807Phe; BRCA1 c.5419A>T	GENE_LEVEL	no	no	no	no	no	NOT_VERIFIED	
GRCh38:17:43047691:T:A	825717	Ile1807Phe	c.5419A>T	42614771		BRCA1 Ile1807Phe; BRCA1 c.5419A>T	GENE_LEVEL	no	no	no	no	no	NOT_VERIFIED	
GRCh38:17:43047691:T:A	825717	Ile1807Phe	c.5419A>T	42614515		BRCA1 Ile1807Phe; BRCA1 c.5419A>T	GENE_LEVEL	no	no	no	no	no	NOT_VERIFIED	
GRCh38:17:43047691:T:A	825717	Ile1807Phe	c.5419A>T	42611417		BRCA1 Ile1807Phe; BRCA1 c.5419A>T	GENE_LEVEL	no	no	no	no	no	NOT_VERIFIED	
GRCh38:17:43047691:T:A	825717	Ile1807Phe	c.5419A>T	42610144		BRCA1 Ile1807Phe; BRCA1 c.5419A>T	GENE_LEVEL	no	no	no	no	no	NOT_VERIFIED	
GRCh38:17:43047691:T:A	825717	Ile1807Phe	c.5419A>T	42609450		BRCA1 Ile1807Phe; BRCA1 c.5419A>T	GENE_LEVEL	no	no	no	no	no	NOT_VERIFIED	
GRCh38:17:43047691:T:A	825717	Ile1807Phe	c.5419A>T	42597706		BRCA1 Ile1807Phe; BRCA1 c.5419A>T	GENE_LEVEL	no	no	no	no	no	NOT_VERIFIED	
GRCh38:17:43047691:T:A	825717	Ile1807Phe	c.5419A>T	42581048		BRCA1 Ile1807Phe; BRCA1 c.5419A>T	GENE_LEVEL	no	no	no	no	no	NOT_VERIFIED	
GRCh38:17:43047691:T:A	825717	Ile1807Phe	c.5419A>T	42580462		BRCA1 Ile1807Phe; BRCA1 c.5419A>T	GENE_LEVEL	no	no	no	no	no	NOT_VERIFIED	
GRCh38:17:43047672:T:A	489733	Asp1813Val	c.5438A>T	42616000		BRCA1 Asp1813Val; BRCA1 c.5438A>T	GENE_LEVEL	no	no	no	no	no	NOT_VERIFIED	
GRCh38:17:43047672:T:A	489733	Asp1813Val	c.5438A>T	42615970		BRCA1 Asp1813Val; BRCA1 c.5438A>T	GENE_LEVEL	no	no	no	no	no	NOT_VERIFIED	
GRCh38:17:43047672:T:A	489733	Asp1813Val	c.5438A>T	42614771		BRCA1 Asp1813Val; BRCA1 c.5438A>T	GENE_LEVEL	no	no	no	no	no	NOT_VERIFIED	
GRCh38:17:43047672:T:A	489733	Asp1813Val	c.5438A>T	42614515		BRCA1 Asp1813Val; BRCA1 c.5438A>T	GENE_LEVEL	no	no	no	no	no	NOT_VERIFIED	
GRCh38:17:43047672:T:A	489733	Asp1813Val	c.5438A>T	42611417		BRCA1 Asp1813Val; BRCA1 c.5438A>T	GENE_LEVEL	no	no	no	no	no	NOT_VERIFIED	
GRCh38:17:43047672:T:A	489733	Asp1813Val	c.5438A>T	42610144		BRCA1 Asp1813Val; BRCA1 c.5438A>T	GENE_LEVEL	no	no	no	no	no	NOT_VERIFIED	
GRCh38:17:43047672:T:A	489733	Asp1813Val	c.5438A>T	42609450		BRCA1 Asp1813Val; BRCA1 c.5438A>T	GENE_LEVEL	no	no	no	no	no	NOT_VERIFIED	
GRCh38:17:43047672:T:A	489733	Asp1813Val	c.5438A>T	42597706		BRCA1 Asp1813Val; BRCA1 c.5438A>T	GENE_LEVEL	no	no	no	no	no	NOT_VERIFIED	
GRCh38:17:43047672:T:A	489733	Asp1813Val	c.5438A>T	42581048		BRCA1 Asp1813Val; BRCA1 c.5438A>T	GENE_LEVEL	no	no	no	no	no	NOT_VERIFIED	
GRCh38:17:43047672:T:A	489733	Asp1813Val	c.5438A>T	42580462		BRCA1 Asp1813Val; BRCA1 c.5438A>T	GENE_LEVEL	no	no	no	no	no	NOT_VERIFIED	
GRCh38:17:43047673:C:G	867389	Asp1813His	c.5437G>C	42616000		BRCA1 Asp1813His; BRCA1 c.5437G>C	GENE_LEVEL	no	no	no	no	no	NOT_VERIFIED	
GRCh38:17:43047673:C:G	867389	Asp1813His	c.5437G>C	42615970		BRCA1 Asp1813His; BRCA1 c.5437G>C	GENE_LEVEL	no	no	no	no	no	NOT_VERIFIED	
GRCh38:17:43047673:C:G	867389	Asp1813His	c.5437G>C	42614771		BRCA1 Asp1813His; BRCA1 c.5437G>C	GENE_LEVEL	no	no	no	no	no	NOT_VERIFIED	
GRCh38:17:43047673:C:G	867389	Asp1813His	c.5437G>C	42614515		BRCA1 Asp1813His; BRCA1 c.5437G>C	GENE_LEVEL	no	no	no	no	no	NOT_VERIFIED	
GRCh38:17:43047673:C:G	867389	Asp1813His	c.5437G>C	42611417		BRCA1 Asp1813His; BRCA1 c.5437G>C	GENE_LEVEL	no	no	no	no	no	NOT_VERIFIED	
GRCh38:17:43047673:C:G	867389	Asp1813His	c.5437G>C	42609450		BRCA1 Asp1813His; BRCA1 c.5437G>C	GENE_LEVEL	no	no	no	no	no	NOT_VERIFIED	
GRCh38:17:43047673:C:G	867389	Asp1813His	c.5437G>C	42584742		BRCA1 Asp1813His; BRCA1 c.5437G>C	GENE_LEVEL	no	no	no	no	no	NOT_VERIFIED	
GRCh38:17:43047673:C:G	867389	Asp1813His	c.5437G>C	42580099		BRCA1 Asp1813His; BRCA1 c.5437G>C	GENE_LEVEL	no	no	no	no	no	NOT_VERIFIED	
GRCh38:17:43047673:C:G	867389	Asp1813His	c.5437G>C	42560601		BRCA1 Asp1813His; BRCA1 c.5437G>C	GENE_LEVEL	no	no	no	no	no	NOT_VERIFIED	
GRCh38:17:43047653:A:T	868911	Asn1819Lys	c.5457T>A	42616000		BRCA1 Asn1819Lys; BRCA1 c.5457T>A	GENE_LEVEL	no	no	no	no	no	NOT_VERIFIED	
GRCh38:17:43047653:A:T	868911	Asn1819Lys	c.5457T>A	42615970		BRCA1 Asn1819Lys; BRCA1 c.5457T>A	GENE_LEVEL	no	no	no	no	no	NOT_VERIFIED	
GRCh38:17:43047653:A:T	868911	Asn1819Lys	c.5457T>A	42614771		BRCA1 Asn1819Lys; BRCA1 c.5457T>A	GENE_LEVEL	no	no	no	no	no	NOT_VERIFIED	
GRCh38:17:43047653:A:T	868911	Asn1819Lys	c.5457T>A	42614515		BRCA1 Asn1819Lys; BRCA1 c.5457T>A	GENE_LEVEL	no	no	no	no	no	NOT_VERIFIED	
GRCh38:17:43047653:A:T	868911	Asn1819Lys	c.5457T>A	42611417		BRCA1 Asn1819Lys; BRCA1 c.5457T>A	GENE_LEVEL	no	no	no	no	no	NOT_VERIFIED	
GRCh38:17:43047655:T:A	868511	Asn1819Tyr	c.5455A>T	42616000		BRCA1 Asn1819Tyr; BRCA1 c.5455A>T	GENE_LEVEL	no	no	no	no	no	NOT_VERIFIED	
GRCh38:17:43047655:T:A	868511	Asn1819Tyr	c.5455A>T	42615970		BRCA1 Asn1819Tyr; BRCA1 c.5455A>T	GENE_LEVEL	no	no	no	no	no	NOT_VERIFIED	
GRCh38:17:43047655:T:A	868511	Asn1819Tyr	c.5455A>T	42614771		BRCA1 Asn1819Tyr; BRCA1 c.5455A>T	GENE_LEVEL	no	no	no	no	no	NOT_VERIFIED	
GRCh38:17:43047655:T:A	868511	Asn1819Tyr	c.5455A>T	42614515		BRCA1 Asn1819Tyr; BRCA1 c.5455A>T	GENE_LEVEL	no	no	no	no	no	NOT_VERIFIED	
GRCh38:17:43047655:T:A	868511	Asn1819Tyr	c.5455A>T	42611417		BRCA1 Asn1819Tyr; BRCA1 c.5455A>T	GENE_LEVEL	no	no	no	no	no	NOT_VERIFIED	
GRCh38:17:43047655:T:A	868511	Asn1819Tyr	c.5455A>T	42610144		BRCA1 Asn1819Tyr; BRCA1 c.5455A>T	GENE_LEVEL	no	no	no	no	no	NOT_VERIFIED	
GRCh38:17:43047655:T:A	868511	Asn1819Tyr	c.5455A>T	42609450		BRCA1 Asn1819Tyr; BRCA1 c.5455A>T	GENE_LEVEL	no	no	no	no	no	NOT_VERIFIED	
GRCh38:17:43047655:T:A	868511	Asn1819Tyr	c.5455A>T	42597706		BRCA1 Asn1819Tyr; BRCA1 c.5455A>T	GENE_LEVEL	no	no	no	no	no	NOT_VERIFIED	
GRCh38:17:43047655:T:A	868511	Asn1819Tyr	c.5455A>T	42581048		BRCA1 Asn1819Tyr; BRCA1 c.5455A>T	GENE_LEVEL	no	no	no	no	no	NOT_VERIFIED	
GRCh38:17:43047655:T:A	868511	Asn1819Tyr	c.5455A>T	42580462		BRCA1 Asn1819Tyr; BRCA1 c.5455A>T	GENE_LEVEL	no	no	no	no	no	NOT_VERIFIED	
GRCh38:17:43047646:G:A	868519	His1822Tyr	c.5464C>T	42616000		BRCA1 His1822Tyr; BRCA1 c.5464C>T	GENE_LEVEL	no	no	no	no	no	NOT_VERIFIED	
GRCh38:17:43047646:G:A	868519	His1822Tyr	c.5464C>T	42615970		BRCA1 His1822Tyr; BRCA1 c.5464C>T	GENE_LEVEL	no	no	no	no	no	NOT_VERIFIED	
GRCh38:17:43047646:G:A	868519	His1822Tyr	c.5464C>T	42614771		BRCA1 His1822Tyr; BRCA1 c.5464C>T	GENE_LEVEL	no	no	no	no	no	NOT_VERIFIED	
GRCh38:17:43047646:G:A	868519	His1822Tyr	c.5464C>T	42614515		BRCA1 His1822Tyr; BRCA1 c.5464C>T	GENE_LEVEL	no	no	no	no	no	NOT_VERIFIED	
GRCh38:17:43047646:G:A	868519	His1822Tyr	c.5464C>T	42611417		BRCA1 His1822Tyr; BRCA1 c.5464C>T	GENE_LEVEL	no	no	no	no	no	NOT_VERIFIED	
GRCh38:17:43047646:G:A	868519	His1822Tyr	c.5464C>T	42610144		BRCA1 His1822Tyr; BRCA1 c.5464C>T	GENE_LEVEL	no	no	no	no	no	NOT_VERIFIED	
GRCh38:17:43047646:G:A	868519	His1822Tyr	c.5464C>T	42609450		BRCA1 His1822Tyr; BRCA1 c.5464C>T	GENE_LEVEL	no	no	no	no	no	NOT_VERIFIED	
GRCh38:17:43047646:G:A	868519	His1822Tyr	c.5464C>T	42597706		BRCA1 His1822Tyr; BRCA1 c.5464C>T	GENE_LEVEL	no	no	no	no	no	NOT_VERIFIED	
GRCh38:17:43047646:G:A	868519	His1822Tyr	c.5464C>T	42581048		BRCA1 His1822Tyr; BRCA1 c.5464C>T	GENE_LEVEL	no	no	no	no	no	NOT_VERIFIED	
GRCh38:17:43047646:G:A	868519	His1822Tyr	c.5464C>T	42580462		BRCA1 His1822Tyr; BRCA1 c.5464C>T	GENE_LEVEL	no	no	no	no	no	NOT_VERIFIED	
GRCh38:17:43067649:T:C	865556	Asn1678Ser	c.5033A>G	42616000		BRCA1 Asn1678Ser; BRCA1 c.5033A>G	GENE_LEVEL	no	no	no	no	no	NOT_VERIFIED	
GRCh38:17:43067649:T:C	865556	Asn1678Ser	c.5033A>G	42615970		BRCA1 Asn1678Ser; BRCA1 c.5033A>G	GENE_LEVEL	no	no	no	no	no	NOT_VERIFIED	
GRCh38:17:43067649:T:C	865556	Asn1678Ser	c.5033A>G	42614771		BRCA1 Asn1678Ser; BRCA1 c.5033A>G	GENE_LEVEL	no	no	no	no	no	NOT_VERIFIED	
GRCh38:17:43067649:T:C	865556	Asn1678Ser	c.5033A>G	42614515		BRCA1 Asn1678Ser; BRCA1 c.5033A>G	GENE_LEVEL	no	no	no	no	no	NOT_VERIFIED	
GRCh38:17:43067649:T:C	865556	Asn1678Ser	c.5033A>G	42611417		BRCA1 Asn1678Ser; BRCA1 c.5033A>G	GENE_LEVEL	no	no	no	no	no	NOT_VERIFIED	
GRCh38:17:43067649:T:C	865556	Asn1678Ser	c.5033A>G	42609450		BRCA1 Asn1678Ser; BRCA1 c.5033A>G	GENE_LEVEL	no	no	no	no	no	NOT_VERIFIED	
GRCh38:17:43067649:T:C	865556	Asn1678Ser	c.5033A>G	42581048		BRCA1 Asn1678Ser; BRCA1 c.5033A>G	GENE_LEVEL	no	no	no	no	no	NOT_VERIFIED	
GRCh38:17:43067649:T:C	865556	Asn1678Ser	c.5033A>G	42572185		BRCA1 Asn1678Ser; BRCA1 c.5033A>G	GENE_LEVEL	no	no	no	no	no	NOT_VERIFIED	
GRCh38:17:43067649:T:C	865556	Asn1678Ser	c.5033A>G	42558868		BRCA1 Asn1678Ser; BRCA1 c.5033A>G	GENE_LEVEL	no	no	no	no	no	NOT_VERIFIED	
GRCh38:17:43067649:T:C	865556	Asn1678Ser	c.5033A>G	42513228		BRCA1 Asn1678Ser; BRCA1 c.5033A>G	GENE_LEVEL	no	no	no	no	no	NOT_VERIFIED	
GRCh38:17:43047691:T:G	868476	Ile1807Leu	c.5419A>C	42616000		BRCA1 Ile1807Leu; BRCA1 c.5419A>C	GENE_LEVEL	no	no	no	no	no	NOT_VERIFIED	
GRCh38:17:43047691:T:G	868476	Ile1807Leu	c.5419A>C	42615970		BRCA1 Ile1807Leu; BRCA1 c.5419A>C	GENE_LEVEL	no	no	no	no	no	NOT_VERIFIED	
GRCh38:17:43047691:T:G	868476	Ile1807Leu	c.5419A>C	42614771		BRCA1 Ile1807Leu; BRCA1 c.5419A>C	GENE_LEVEL	no	no	no	no	no	NOT_VERIFIED	
GRCh38:17:43047691:T:G	868476	Ile1807Leu	c.5419A>C	42614515		BRCA1 Ile1807Leu; BRCA1 c.5419A>C	GENE_LEVEL	no	no	no	no	no	NOT_VERIFIED	
GRCh38:17:43047691:T:G	868476	Ile1807Leu	c.5419A>C	42611417		BRCA1 Ile1807Leu; BRCA1 c.5419A>C	GENE_LEVEL	no	no	no	no	no	NOT_VERIFIED	
GRCh38:17:43047691:T:G	868476	Ile1807Leu	c.5419A>C	42609450		BRCA1 Ile1807Leu; BRCA1 c.5419A>C	GENE_LEVEL	no	no	no	no	no	NOT_VERIFIED	
GRCh38:17:43047691:T:G	868476	Ile1807Leu	c.5419A>C	42584742		BRCA1 Ile1807Leu; BRCA1 c.5419A>C	GENE_LEVEL	no	no	no	no	no	NOT_VERIFIED	
GRCh38:17:43047691:T:G	868476	Ile1807Leu	c.5419A>C	42580099		BRCA1 Ile1807Leu; BRCA1 c.5419A>C	GENE_LEVEL	no	no	no	no	no	NOT_VERIFIED	
GRCh38:17:43047691:T:G	868476	Ile1807Leu	c.5419A>C	42560601		BRCA1 Ile1807Leu; BRCA1 c.5419A>C	GENE_LEVEL	no	no	no	no	no	NOT_VERIFIED	
GRCh38:17:43124089:A:G	869066	Leu3Ser	c.8T>C	42616000		BRCA1 Leu3Ser; BRCA1 c.8T>C	GENE_LEVEL	no	no	no	no	no	NOT_VERIFIED	
GRCh38:17:43124089:A:G	869066	Leu3Ser	c.8T>C	42615970		BRCA1 Leu3Ser; BRCA1 c.8T>C	GENE_LEVEL	no	no	no	no	no	NOT_VERIFIED	
GRCh38:17:43124089:A:G	869066	Leu3Ser	c.8T>C	42614771		BRCA1 Leu3Ser; BRCA1 c.8T>C	GENE_LEVEL	no	no	no	no	no	NOT_VERIFIED	
GRCh38:17:43124089:A:G	869066	Leu3Ser	c.8T>C	42614515		BRCA1 Leu3Ser; BRCA1 c.8T>C	GENE_LEVEL	no	no	no	no	no	NOT_VERIFIED	
GRCh38:17:43124089:A:G	869066	Leu3Ser	c.8T>C	42611417		BRCA1 Leu3Ser; BRCA1 c.8T>C	GENE_LEVEL	no	no	no	no	no	NOT_VERIFIED	
GRCh38:17:43115747:T:C	865132	Lys38Arg	c.113A>G	42616000		BRCA1 Lys38Arg; BRCA1 c.113A>G	GENE_LEVEL	no	no	no	no	no	NOT_VERIFIED	
GRCh38:17:43115747:T:C	865132	Lys38Arg	c.113A>G	42615970		BRCA1 Lys38Arg; BRCA1 c.113A>G	GENE_LEVEL	no	no	no	no	no	NOT_VERIFIED	
GRCh38:17:43115747:T:C	865132	Lys38Arg	c.113A>G	42614771		BRCA1 Lys38Arg; BRCA1 c.113A>G	GENE_LEVEL	no	no	no	no	no	NOT_VERIFIED	
GRCh38:17:43115747:T:C	865132	Lys38Arg	c.113A>G	42614515		BRCA1 Lys38Arg; BRCA1 c.113A>G	GENE_LEVEL	no	no	no	no	no	NOT_VERIFIED	
GRCh38:17:43115747:T:C	865132	Lys38Arg	c.113A>G	42611417		BRCA1 Lys38Arg; BRCA1 c.113A>G	GENE_LEVEL	no	no	no	no	no	NOT_VERIFIED	
GRCh38:17:43115747:T:C	865132	Lys38Arg	c.113A>G	42609450		BRCA1 Lys38Arg; BRCA1 c.113A>G	GENE_LEVEL	no	no	no	no	no	NOT_VERIFIED	
GRCh38:17:43115747:T:C	865132	Lys38Arg	c.113A>G	42581048		BRCA1 Lys38Arg; BRCA1 c.113A>G	GENE_LEVEL	no	no	no	no	no	NOT_VERIFIED	
GRCh38:17:43115747:T:C	865132	Lys38Arg	c.113A>G	42572185		BRCA1 Lys38Arg; BRCA1 c.113A>G	GENE_LEVEL	no	no	no	no	no	NOT_VERIFIED	
GRCh38:17:43115747:T:C	865132	Lys38Arg	c.113A>G	42558868		BRCA1 Lys38Arg; BRCA1 c.113A>G	GENE_LEVEL	no	no	no	no	no	NOT_VERIFIED	
GRCh38:17:43115747:T:C	865132	Lys38Arg	c.113A>G	42513228		BRCA1 Lys38Arg; BRCA1 c.113A>G	GENE_LEVEL	no	no	no	no	no	NOT_VERIFIED	
GRCh38:17:43104914:C:G	868809	Glu85Asp	c.255G>C				NONE	no	no	no	no	no	NONE	no PubMed record
GRCh38:17:43070969:T:C	868440	Arg1649Gly	c.4945A>G	42616000		BRCA1 Arg1649Gly; BRCA1 c.4945A>G	GENE_LEVEL	no	no	no	no	no	NOT_VERIFIED	
GRCh38:17:43070969:T:C	868440	Arg1649Gly	c.4945A>G	42615970		BRCA1 Arg1649Gly; BRCA1 c.4945A>G	GENE_LEVEL	no	no	no	no	no	NOT_VERIFIED	
GRCh38:17:43070969:T:C	868440	Arg1649Gly	c.4945A>G	42614771		BRCA1 Arg1649Gly; BRCA1 c.4945A>G	GENE_LEVEL	no	no	no	no	no	NOT_VERIFIED	
GRCh38:17:43070969:T:C	868440	Arg1649Gly	c.4945A>G	42614515		BRCA1 Arg1649Gly; BRCA1 c.4945A>G	GENE_LEVEL	no	no	no	no	no	NOT_VERIFIED	
GRCh38:17:43070969:T:C	868440	Arg1649Gly	c.4945A>G	42611417		BRCA1 Arg1649Gly; BRCA1 c.4945A>G	GENE_LEVEL	no	no	no	no	no	NOT_VERIFIED	
GRCh38:17:43070969:T:C	868440	Arg1649Gly	c.4945A>G	42609450		BRCA1 Arg1649Gly; BRCA1 c.4945A>G	GENE_LEVEL	no	no	no	no	no	NOT_VERIFIED	
GRCh38:17:43070969:T:C	868440	Arg1649Gly	c.4945A>G	42581048		BRCA1 Arg1649Gly; BRCA1 c.4945A>G	GENE_LEVEL	no	no	no	no	no	NOT_VERIFIED	
GRCh38:17:43070969:T:C	868440	Arg1649Gly	c.4945A>G	42572185		BRCA1 Arg1649Gly; BRCA1 c.4945A>G	GENE_LEVEL	no	no	no	no	no	NOT_VERIFIED	
GRCh38:17:43070969:T:C	868440	Arg1649Gly	c.4945A>G	42558868		BRCA1 Arg1649Gly; BRCA1 c.4945A>G	GENE_LEVEL	no	no	no	no	no	NOT_VERIFIED	
GRCh38:17:43070969:T:C	868440	Arg1649Gly	c.4945A>G	42513228		BRCA1 Arg1649Gly; BRCA1 c.4945A>G	GENE_LEVEL	no	no	no	no	no	NOT_VERIFIED	
GRCh38:17:43067650:T:C	865553	Asn1678Asp	c.5032A>G	42616000		BRCA1 Asn1678Asp; BRCA1 c.5032A>G	GENE_LEVEL	no	no	no	no	no	NOT_VERIFIED	
GRCh38:17:43067650:T:C	865553	Asn1678Asp	c.5032A>G	42615970		BRCA1 Asn1678Asp; BRCA1 c.5032A>G	GENE_LEVEL	no	no	no	no	no	NOT_VERIFIED	
GRCh38:17:43067650:T:C	865553	Asn1678Asp	c.5032A>G	42614771		BRCA1 Asn1678Asp; BRCA1 c.5032A>G	GENE_LEVEL	no	no	no	no	no	NOT_VERIFIED	
GRCh38:17:43067650:T:C	865553	Asn1678Asp	c.5032A>G	42614515		BRCA1 Asn1678Asp; BRCA1 c.5032A>G	GENE_LEVEL	no	no	no	no	no	NOT_VERIFIED	
GRCh38:17:43067650:T:C	865553	Asn1678Asp	c.5032A>G	42611417		BRCA1 Asn1678Asp; BRCA1 c.5032A>G	GENE_LEVEL	no	no	no	no	no	NOT_VERIFIED	
GRCh38:17:43067650:T:C	865553	Asn1678Asp	c.5032A>G	42609450		BRCA1 Asn1678Asp; BRCA1 c.5032A>G	GENE_LEVEL	no	no	no	no	no	NOT_VERIFIED	
GRCh38:17:43067650:T:C	865553	Asn1678Asp	c.5032A>G	42581048		BRCA1 Asn1678Asp; BRCA1 c.5032A>G	GENE_LEVEL	no	no	no	no	no	NOT_VERIFIED	
GRCh38:17:43067650:T:C	865553	Asn1678Asp	c.5032A>G	42572185		BRCA1 Asn1678Asp; BRCA1 c.5032A>G	GENE_LEVEL	no	no	no	no	no	NOT_VERIFIED	
GRCh38:17:43067650:T:C	865553	Asn1678Asp	c.5032A>G	42558868		BRCA1 Asn1678Asp; BRCA1 c.5032A>G	GENE_LEVEL	no	no	no	no	no	NOT_VERIFIED	
GRCh38:17:43067650:T:C	865553	Asn1678Asp	c.5032A>G	42513228		BRCA1 Asn1678Asp; BRCA1 c.5032A>G	GENE_LEVEL	no	no	no	no	no	NOT_VERIFIED	
GRCh38:17:43063914:A:C	867662	Phe1704Leu	c.5112T>G	42616000		BRCA1 Phe1704Leu; BRCA1 c.5112T>G	GENE_LEVEL	no	no	no	no	no	NOT_VERIFIED	
GRCh38:17:43063914:A:C	867662	Phe1704Leu	c.5112T>G	42615970		BRCA1 Phe1704Leu; BRCA1 c.5112T>G	GENE_LEVEL	no	no	no	no	no	NOT_VERIFIED	
GRCh38:17:43063914:A:C	867662	Phe1704Leu	c.5112T>G	42614771		BRCA1 Phe1704Leu; BRCA1 c.5112T>G	GENE_LEVEL	no	no	no	no	no	NOT_VERIFIED	
GRCh38:17:43063914:A:C	867662	Phe1704Leu	c.5112T>G	42614515		BRCA1 Phe1704Leu; BRCA1 c.5112T>G	GENE_LEVEL	no	no	no	no	no	NOT_VERIFIED	
GRCh38:17:43063914:A:C	867662	Phe1704Leu	c.5112T>G	42611417		BRCA1 Phe1704Leu; BRCA1 c.5112T>G	GENE_LEVEL	no	no	no	no	no	NOT_VERIFIED	
GRCh38:17:43063914:A:C	867662	Phe1704Leu	c.5112T>G	42609450		BRCA1 Phe1704Leu; BRCA1 c.5112T>G	GENE_LEVEL	no	no	no	no	no	NOT_VERIFIED	
GRCh38:17:43063914:A:C	867662	Phe1704Leu	c.5112T>G	42581048		BRCA1 Phe1704Leu; BRCA1 c.5112T>G	GENE_LEVEL	no	no	no	no	no	NOT_VERIFIED	
GRCh38:17:43063914:A:C	867662	Phe1704Leu	c.5112T>G	42572185		BRCA1 Phe1704Leu; BRCA1 c.5112T>G	GENE_LEVEL	no	no	no	no	no	NOT_VERIFIED	
GRCh38:17:43063914:A:C	867662	Phe1704Leu	c.5112T>G	42558868		BRCA1 Phe1704Leu; BRCA1 c.5112T>G	GENE_LEVEL	no	no	no	no	no	NOT_VERIFIED	
GRCh38:17:43063914:A:C	867662	Phe1704Leu	c.5112T>G	42513228		BRCA1 Phe1704Leu; BRCA1 c.5112T>G	GENE_LEVEL	no	no	no	no	no	NOT_VERIFIED	
GRCh38:17:43057135:G:T	867500	His1732Asn	c.5194C>A	42616000		BRCA1 His1732Asn; BRCA1 c.5194C>A	GENE_LEVEL	no	no	no	no	no	NOT_VERIFIED	
GRCh38:17:43057135:G:T	867500	His1732Asn	c.5194C>A	42615970		BRCA1 His1732Asn; BRCA1 c.5194C>A	GENE_LEVEL	no	no	no	no	no	NOT_VERIFIED	
GRCh38:17:43057135:G:T	867500	His1732Asn	c.5194C>A	42614771		BRCA1 His1732Asn; BRCA1 c.5194C>A	GENE_LEVEL	no	no	no	no	no	NOT_VERIFIED	
GRCh38:17:43057135:G:T	867500	His1732Asn	c.5194C>A	42614515		BRCA1 His1732Asn; BRCA1 c.5194C>A	GENE_LEVEL	no	no	no	no	no	NOT_VERIFIED	
GRCh38:17:43057135:G:T	867500	His1732Asn	c.5194C>A	42611417		BRCA1 His1732Asn; BRCA1 c.5194C>A	GENE_LEVEL	no	no	no	no	no	NOT_VERIFIED	
GRCh38:17:43051066:T:A	252402	Thr1777Ser	c.5329A>T	42616000		BRCA1 Thr1777Ser; BRCA1 c.5329A>T	GENE_LEVEL	no	no	no	no	no	NOT_VERIFIED	
GRCh38:17:43051066:T:A	252402	Thr1777Ser	c.5329A>T	42615970		BRCA1 Thr1777Ser; BRCA1 c.5329A>T	GENE_LEVEL	no	no	no	no	no	NOT_VERIFIED	
GRCh38:17:43051066:T:A	252402	Thr1777Ser	c.5329A>T	42614771		BRCA1 Thr1777Ser; BRCA1 c.5329A>T	GENE_LEVEL	no	no	no	no	no	NOT_VERIFIED	
GRCh38:17:43051066:T:A	252402	Thr1777Ser	c.5329A>T	42614515		BRCA1 Thr1777Ser; BRCA1 c.5329A>T	GENE_LEVEL	no	no	no	no	no	NOT_VERIFIED	
GRCh38:17:43051066:T:A	252402	Thr1777Ser	c.5329A>T	42611417		BRCA1 Thr1777Ser; BRCA1 c.5329A>T	GENE_LEVEL	no	no	no	no	no	NOT_VERIFIED	
GRCh38:17:43051066:T:A	252402	Thr1777Ser	c.5329A>T	42610144		BRCA1 Thr1777Ser; BRCA1 c.5329A>T	GENE_LEVEL	no	no	no	no	no	NOT_VERIFIED	
GRCh38:17:43051066:T:A	252402	Thr1777Ser	c.5329A>T	42609450		BRCA1 Thr1777Ser; BRCA1 c.5329A>T	GENE_LEVEL	no	no	no	no	no	NOT_VERIFIED	
GRCh38:17:43051066:T:A	252402	Thr1777Ser	c.5329A>T	42597706		BRCA1 Thr1777Ser; BRCA1 c.5329A>T	GENE_LEVEL	no	no	no	no	no	NOT_VERIFIED	
GRCh38:17:43051066:T:A	252402	Thr1777Ser	c.5329A>T	42581048		BRCA1 Thr1777Ser; BRCA1 c.5329A>T	GENE_LEVEL	no	no	no	no	no	NOT_VERIFIED	
GRCh38:17:43051066:T:A	252402	Thr1777Ser	c.5329A>T	42580462		BRCA1 Thr1777Ser; BRCA1 c.5329A>T	GENE_LEVEL	no	no	no	no	no	NOT_VERIFIED	
GRCh38:17:43047673:C:A	479266	Asp1813Tyr	c.5437G>T	42616000		BRCA1 Asp1813Tyr; BRCA1 c.5437G>T	GENE_LEVEL	no	no	no	no	no	NOT_VERIFIED	
GRCh38:17:43047673:C:A	479266	Asp1813Tyr	c.5437G>T	42615970		BRCA1 Asp1813Tyr; BRCA1 c.5437G>T	GENE_LEVEL	no	no	no	no	no	NOT_VERIFIED	
GRCh38:17:43047673:C:A	479266	Asp1813Tyr	c.5437G>T	42614771		BRCA1 Asp1813Tyr; BRCA1 c.5437G>T	GENE_LEVEL	no	no	no	no	no	NOT_VERIFIED	
GRCh38:17:43047673:C:A	479266	Asp1813Tyr	c.5437G>T	42614515		BRCA1 Asp1813Tyr; BRCA1 c.5437G>T	GENE_LEVEL	no	no	no	no	no	NOT_VERIFIED	
GRCh38:17:43047673:C:A	479266	Asp1813Tyr	c.5437G>T	42611417		BRCA1 Asp1813Tyr; BRCA1 c.5437G>T	GENE_LEVEL	no	no	no	no	no	NOT_VERIFIED	
GRCh38:17:43047673:C:A	479266	Asp1813Tyr	c.5437G>T	42610144		BRCA1 Asp1813Tyr; BRCA1 c.5437G>T	GENE_LEVEL	no	no	no	no	no	NOT_VERIFIED	
GRCh38:17:43047673:C:A	479266	Asp1813Tyr	c.5437G>T	42609450		BRCA1 Asp1813Tyr; BRCA1 c.5437G>T	GENE_LEVEL	no	no	no	no	no	NOT_VERIFIED	
GRCh38:17:43047673:C:A	479266	Asp1813Tyr	c.5437G>T	42597706		BRCA1 Asp1813Tyr; BRCA1 c.5437G>T	GENE_LEVEL	no	no	no	no	no	NOT_VERIFIED	
GRCh38:17:43047673:C:A	479266	Asp1813Tyr	c.5437G>T	42581048		BRCA1 Asp1813Tyr; BRCA1 c.5437G>T	GENE_LEVEL	no	no	no	no	no	NOT_VERIFIED	
GRCh38:17:43047673:C:A	479266	Asp1813Tyr	c.5437G>T	42580462		BRCA1 Asp1813Tyr; BRCA1 c.5437G>T	GENE_LEVEL	no	no	no	no	no	NOT_VERIFIED	
GRCh38:17:43045707:T:C	868677	Ile1855Val	c.5563A>G	42616000		BRCA1 Ile1855Val; BRCA1 c.5563A>G	GENE_LEVEL	no	no	no	no	no	NOT_VERIFIED	
GRCh38:17:43045707:T:C	868677	Ile1855Val	c.5563A>G	42615970		BRCA1 Ile1855Val; BRCA1 c.5563A>G	GENE_LEVEL	no	no	no	no	no	NOT_VERIFIED	
GRCh38:17:43045707:T:C	868677	Ile1855Val	c.5563A>G	42614771		BRCA1 Ile1855Val; BRCA1 c.5563A>G	GENE_LEVEL	no	no	no	no	no	NOT_VERIFIED	
GRCh38:17:43045707:T:C	868677	Ile1855Val	c.5563A>G	42614515		BRCA1 Ile1855Val; BRCA1 c.5563A>G	GENE_LEVEL	no	no	no	no	no	NOT_VERIFIED	
GRCh38:17:43045707:T:C	868677	Ile1855Val	c.5563A>G	42611417		BRCA1 Ile1855Val; BRCA1 c.5563A>G	GENE_LEVEL	no	no	no	no	no	NOT_VERIFIED	
GRCh38:17:43045707:T:C	868677	Ile1855Val	c.5563A>G	42609450		BRCA1 Ile1855Val; BRCA1 c.5563A>G	GENE_LEVEL	no	no	no	no	no	NOT_VERIFIED	
GRCh38:17:43045707:T:C	868677	Ile1855Val	c.5563A>G	42581048		BRCA1 Ile1855Val; BRCA1 c.5563A>G	GENE_LEVEL	no	no	no	no	no	NOT_VERIFIED	
GRCh38:17:43045707:T:C	868677	Ile1855Val	c.5563A>G	42572185		BRCA1 Ile1855Val; BRCA1 c.5563A>G	GENE_LEVEL	no	no	no	no	no	NOT_VERIFIED	
GRCh38:17:43045707:T:C	868677	Ile1855Val	c.5563A>G	42558868		BRCA1 Ile1855Val; BRCA1 c.5563A>G	GENE_LEVEL	no	no	no	no	no	NOT_VERIFIED	
GRCh38:17:43045707:T:C	868677	Ile1855Val	c.5563A>G	42513228		BRCA1 Ile1855Val; BRCA1 c.5563A>G	GENE_LEVEL	no	no	no	no	no	NOT_VERIFIED	
