variant_key	VariationID	AlleleID	protein_change	cDNA_change	candidate_classes	REVEL	SIFT	PolyPhen	gnomAD_status	gnomAD_AF	tier
GRCh38:17:43076516:T:A	37593	46149	Ser1486Cys	c.4456A>T	B,E	0.244	0	0.638	present	6.842004433618873e-07	1
GRCh38:17:43104877:C:G	54724	69391	Gly98Arg	c.292G>C	D,E	0.236	0	0.92	absent		1
GRCh38:17:43104183:C:T	55012	69679	Ser127Asn	c.380G>A	B,E	0.127	0	0.64	present	6.8410215013305785e-06	1
GRCh38:17:43099816:T:G	136087	139799	Gln169Pro	c.506A>C	D,E	0.11	0	0.449	absent		1
GRCh38:17:43071235:C:A	142627	152341	Gly1560Val	c.4679G>T	A,E	0.666	0.06	0.04	present	6.841480167917289e-07	1
GRCh38:17:43099778:A:T	409323	402549	Leu182Met	c.544T>A	D,E	0.251	0	0.859	absent		1
GRCh38:17:43104122:C:A	431199	424863	Leu147Phe	c.441G>T	D,E	0.122	0	0.81	absent		1
GRCh38:17:43099775:C:G	431353	424886	Gly183Arg	c.547G>C	D,E	0.114	0	0.815	absent		1
GRCh38:17:43076538:C:G	440475	432899	Glu1478Asp	c.4434G>C	D,G	0.002	0	0	absent		1
GRCh38:17:43104201:T:C	462617	466916	Glu121Gly	c.362A>G	D,E	0.112	0	0.69	absent		1
GRCh38:17:43104178:C:A	462625	467776	Gly129Cys	c.385G>T	D,E	0.115	0.02	0.924	absent		1
GRCh38:17:43082538:T:G	531425	531314	Gln1408Pro	c.4223A>C	B,E	0.049	0	0.465	present	6.840516103258959e-07	1
GRCh38:17:43104873:A:G	584958	576007	Leu99Ser	c.296T>C	D,E	0.116	0	0.821	absent		1
GRCh38:17:43076509:T:G	619628	611230	Asn1488Thr	c.4463A>C	D,E	0.237	0.03	0.455	absent		1
GRCh38:17:43104182:A:C	626904	615145	Ser127Arg	c.381T>G	D,E	0.191	0	0.679	absent		1
GRCh38:17:43063373:C:A	632609	621043	Trp1718Leu	c.5153G>T	C,G	0.933	0	0.56	absent		1
GRCh38:17:43082527:C:G	650035	645955	Ala1412Pro	c.4234G>C	D,E	0.15	0	0.465	absent		1
GRCh38:17:43104162:G:T	643188	646056	Ala134Asp	c.401C>A	D,E	0.049	0.02	0.679	absent		1
GRCh38:17:43104165:C:A	658804	646058	Arg133Leu	c.398G>T	D,E	0.126	0	0.482	absent		1
GRCh38:17:43047673:C:G	867389	853340	Asp1813His	c.5437G>C	D,E	0.281	0	0.766	absent		1
GRCh38:17:43051086:C:T	867980	853589	Gly1770Glu	c.5309G>A	E	0.677	0.27	0.234	absent		1
GRCh38:17:43063898:C:G	868692	853930	Gly1710Arg	c.5128G>C	E	0.668	0.29	0.366	absent		1
GRCh38:17:43106486:C:A	867923	854668	Cys61Phe	c.182G>T	C,G	0.956	0	0.944	absent		1
GRCh38:17:43071067:G:A	923712	913863	Ala1616Val	c.4847C>T	A,E	0.802	0.16	0.009	present	6.840544178970525e-07	1
GRCh38:17:43076538:C:A	1035284	1033305	Glu1478Asp	c.4434G>T	D,G	0.003	0	0	absent		1
GRCh38:17:43099863:A:T	1330109	1320791	Ser153Arg	c.459T>A	D,E	0.064	0.01	0.473	absent		1
GRCh38:17:43090944:C:A	1410374	1513681	Gln1395His	c.4185G>T	B,E	0.112	0	0.464	present	0	1
GRCh38:17:43099876:T:C	1740809	1798309	Glu149Gly	c.446A>G	D,E	0.187	0	0.56	absent		1
GRCh38:17:43104234:T:C	1804789	1861804	Lys110Arg	c.329A>G	D,E	0.084	0.05	0.64	absent		1
GRCh38:17:43082535:T:G	1992376	2049024	Gln1409Pro	c.4226A>C	D,E	0.213	0	0.739	absent		1
GRCh38:17:43091726:C:A	2450697	2423183	Asp1269Tyr	c.3805G>T	D,E	0.051	0	0.81	absent		1
GRCh38:17:43094557:T:C	2585822	2753382	Lys325Arg	c.974A>G	D,E	0.129	0.01	0.733	absent		1
GRCh38:17:43093982:A:T	2716815	2876513	Phe517Ile	c.1549T>A	C,G	0.942	0	0.991	absent		1
GRCh38:17:43094293:A:C	2757431	2917303	Leu413Trp	c.1238T>G	D,E	0.069	0.01	0.968	absent		1
GRCh38:17:43082534:C:G	2774838	2935565	Gln1409His	c.4227G>C	B,E	0.227	0	0.81	present	6.840497386245948e-07	1
GRCh38:17:43094138:A:G	2813703	2969653	Tyr465His	c.1393T>C	C,G	0.943	0	1	absent		1
GRCh38:17:43104183:C:G	2827380	2983332	Ser127Thr	c.380G>C	B,E	0.127	0.02	0.56	present	1.3682043002661157e-06	1
GRCh38:17:43094767:T:C	3069238	3229865	Glu255Gly	c.764A>G	E	0.75	0.07	0.181	absent		1
GRCh38:17:43082459:A:T	3226152	3387216	Ser1434Arg	c.4302T>A	B,G	0.001	0.07	0.009	present	6.840562896239606e-07	1
GRCh38:17:43076607:T:G	3226154	3387218	Leu1455Phe	c.4365A>C	D,E	0.183	0.03	0.558	absent		1
GRCh38:17:43094828:T:G	3261465	3424234	Asn235His	c.703A>C	B,E	0.017	0.01	0.973	present	6.842397685627406e-07	1
GRCh38:17:43094797:T:C	3481842	3640053	Asp245Gly	c.734A>G	D,E	0.101	0.03	0.643	absent		1
GRCh38:17:43094459:G:T	3481848	3640059	Leu358Met	c.1072C>A	D,E	0.057	0.03	0.803	absent		1
GRCh38:17:43094200:C:G	3634693	3763916	Ser444Thr	c.1331G>C	D,E	0.088	0.01	0.95	absent		1
GRCh38:17:43094435:C:A	3634699	3763922	Asp366Tyr	c.1096G>T	D,E	0.066	0.01	0.985	absent		1
GRCh38:17:43094278:T:C	3687759	3827131	Glu418Gly	c.1253A>G	D,E	0.063	0.03	0.726	absent		1
GRCh38:17:43094233:G:T	3825269	3942541	Ala433Asp	c.1298C>A	D,E	0.115	0.03	0.897	absent		1
GRCh38:17:43091592:C:A	3825272	3942544	Gln1313His	c.3939G>T	D,E	0.046	0.02	0.852	absent		1
GRCh38:17:43094675:C:G	3992624	4104875	Glu286Gln	c.856G>C	D,E	0.256	0	0.921	absent		1
GRCh38:17:43091618:C:A	4800833	4919283	Asp1305Tyr	c.3913G>T	D,E	0.266	0	0.739	absent		1
GRCh38:17:43094102:C:A	4800861	4919311	Val477Leu	c.1429G>T	E	0.677	0.09	0.388	absent		1
GRCh38:17:43094806:C:A	4800866	4919316	Ser242Ile	c.725G>T	B,E	0.019	0	0.894	present	1.3686574702009052e-06	1
GRCh38:17:43094173:T:C	4828182	4946542	Glu453Gly	c.1358A>G	B,E	0.075	0.03	0.627	present	6.841208704753956e-07	1
GRCh38:17:43104202:C:T	4842666	4953956	Glu121Lys	c.361G>A	D,E	0.075	0	0.69	absent		1
GRCh38:17:43094621:A:C	4867711	4974671	Phe304Val	c.910T>G	D,E	0.189	0.02	0.576	absent		1
GRCh38:17:43082551:G:T	4883311	4991955	Leu1404Met	c.4210C>A	D,E	0.156	0	0.567	absent		1
GRCh38:17:43076570:T:C	37591	46147	Asn1468Asp	c.4402A>G	B	0.217	0.02	0.027	present	1.3684926464047646e-06	2
GRCh38:17:43076558:G:A	41824	50263	Leu1472Phe	c.4414C>T	B	0.219	0.24	0.575	present	6.842538143728882e-07	2
GRCh38:17:43090957:A:G	55123	69790	Ile1391Thr	c.4172T>C	A	0.697	0	0.006	present	1.3710744424868548e-06	2
GRCh38:17:43082556:T:C	55141	69808	His1402Arg	c.4205A>G	B	0.289	0	0.003	present	6.5696116045619385e-06	2
GRCh38:17:43076593:C:T	55185	69852	Ser1460Asn	c.4379G>A	B	0.074	0.26	0.084	present	6.842847171851264e-07	2
GRCh38:17:43071229:G:A	55261	69928	Pro1562Leu	c.4685C>T	A	0.669	0	0.027	present	6.840862386475889e-07	2
GRCh38:17:43070962:G:A	55330	69997	Ser1651Phe	c.4952C>T	A	0.794	0	0.052	present	6.840488027777854e-06	2
GRCh38:17:43049164:C:T	55551	70218	Gly1788Asp	c.5363G>A	A	0.862	0	0.882	present	1.3681069640748791e-06	2
GRCh38:17:43124024:G:T	55684	70351	Pro25Thr	c.73C>A	A	0.818	0	0.935	present	6.851285986379643e-07	2
GRCh38:17:43104166:G:T	91619	97096	Arg133Ser	c.397C>A	A	0.701	0	0.56	present	6.84106830122592e-07	2
GRCh38:17:43104879:G:C	96909	102812	Thr97Arg	c.290C>G	A	0.724	0.03	0.745	present	4.790124132645381e-06	2
GRCh38:17:43076589:A:T	96932	102835	Ser1461Arg	c.4383T>A	B	0.008	0.39	0	present	1.3685394673096977e-06	2
GRCh38:17:43051093:A:C	96948	102851	Cys1768Gly	c.5302T>G	A	0.867	0	0.098	present	6.840675202005138e-07	2
GRCh38:17:43095846:C:T	96954	102857	Ala224Thr	c.670G>A	B	0.259	0.04	0.309	present	6.846510812694526e-07	2
GRCh38:17:43104225:T:C	136084	139796	Asn113Ser	c.338A>G	B	0.035	0.28	0.006	present	1.3692534145757026e-06	2
GRCh38:17:43104204:T:C	141096	150810	Asp120Gly	c.359A>G	B	0.093	0	0.029	present	1.3686050219592676e-06	2
GRCh38:17:43099787:A:G	141458	151172	Tyr179His	c.535T>C	A	0.657	0	0.81	present	7.554405454555444e-06	2
GRCh38:17:43082530:T:C	141465	151179	Met1411Val	c.4231A>G	B	0.158	0	0.063	present	6.840478669335365e-07	2
GRCh38:17:43099792:G:C	187240	185108	Ser177Cys	c.530C>G	A	0.663	0	0.898	present	6.860724547398002e-07	2
GRCh38:17:43104147:T:C	185488	185113	Gln139Arg	c.416A>G	B	0.108	0.04	0.005	present	6.84106830122592e-07	2
GRCh38:17:43063900:C:T	188417	186538	Gly1709Glu	c.5126G>A	A	0.784	0	0.95	present	6.841115101761587e-07	2
GRCh38:17:43070959:A:T	188415	186540	Met1652Lys	c.4955T>A	A	0.719	0	0.015	present	6.840478669335365e-07	2
GRCh38:17:43082568:T:C	216667	213314	Asp1398Gly	c.4193A>G	B	0.104	0.03	0.074	present	1.3681443994324936e-06	2
GRCh38:17:43082428:G:T	233854	235971	Pro1445Thr	c.4333C>A	B	0.22	0.17	0.035	present	2.0521913299020696e-06	2
GRCh38:17:43082457:T:C	234039	235972	Asp1435Gly	c.4304A>G	B	0.045	0.35	0	present	2.0521885222464075e-06	2
GRCh38:17:43082503:G:C	230483	235975	Gln1420Glu	c.4258C>G	B	0.171	0.11	0	present	1.3681238097322856e-06	2
GRCh38:17:43099789:A:T	232937	236158	Val178Asp	c.533T>A	A	0.757	0	0.203	present	6.864077536619853e-07	2
GRCh38:17:43099856:G:T	233464	236162	Leu156Ile	c.466C>A	B	0.052	0.01	0.17	present	2.053143568117144e-06	2
GRCh38:17:43082508:A:G	246517	245030	Leu1418Ser	c.4253T>C	B	0.241	0	0.01	present	6.840516103258959e-07	2
GRCh38:17:43106468:T:A	409307	402154	Asp67Val	c.200A>T	A	0.652	0	0.156	present	0	2
GRCh38:17:43045748:C:G	423044	409941	Ser1841Thr	c.5522G>C	A	0.7	0	0.121	present	6.840647125218045e-07	2
GRCh38:17:43076576:T:A	420981	409967	Ser1466Cys	c.4396A>T	B	0.244	0.11	0.302	present	6.842706701062672e-07	2
GRCh38:17:43076531:C:T	431186	424712	Ala1481Thr	c.4441G>A	B	0.231	0.22	0.006	present	0	2
GRCh38:17:43106516:A:G	433685	427573	Leu51Pro	c.152T>C	A	0.821	0	0.989	present	6.905877039478136e-07	2
GRCh38:17:43124066:C:G	438922	432927	Val11Leu	c.31G>C	A	0.677	0.02	0.631	present	1.3684158670556617e-06	2
GRCh38:17:43076523:A:T	441497	435120	Ser1483Arg	c.4449T>A	B	0.287	0.2	0.019	present	6.841985708460252e-07	2
GRCh38:17:43076525:T:G	441440	435121	Ser1483Arg	c.4447A>C	B	0.271	0.2	0.019	present	1.3684046317759977e-06	2
GRCh38:17:43115732:A:G	441341	435179	Phe43Ser	c.128T>C	A	0.847	0	0.767	present	6.843184325275712e-07	2
GRCh38:17:43082518:C:T	462639	466847	Glu1415Lys	c.4243G>A	B	0.206	0.01	0.04	present	6.840534820374396e-07	2
GRCh38:17:43082469:G:A	462643	467687	Ser1431Phe	c.4292C>T	B	0.229	0.02	0.28	present	1.3681350404010277e-06	2
GRCh38:17:43104178:C:T	462624	467777	Gly129Ser	c.385G>A	A	0.682	0	0.15	present	6.840927903460826e-07	2
GRCh38:17:43082496:C:T	462642	468128	Gly1422Glu	c.4265G>A	B	0.256	0.15	0.087	present	7.524783901887763e-06	2
GRCh38:17:43076596:T:C	479194	478539	Lys1459Arg	c.4376A>G	B	0.269	0.17	0.057	present	1.3686106412214577e-06	2
GRCh38:17:43082410:C:T	482942	478544	Glu1451Lys	c.4351G>A	B	0.222	0.49	0.059	present	1.3691203128166092e-06	2
GRCh38:17:43063906:A:G	481464	479263	Ile1707Thr	c.5120T>C	A	0.835	0	0.913	present	0	2
GRCh38:17:43104177:C:A	481476	479543	Gly129Val	c.386G>T	A	0.738	0	0.479	present	6.841040221211877e-07	2
GRCh38:17:43071215:C:T	489723	482938	Gly1567Arg	c.4699G>A	A	0.711	0.01	0.23	present	4.7883809252793675e-06	2
GRCh38:17:43097275:C:T	491178	484960	Glu188Lys	c.562G>A	A	0.688	0.02	0.56	present	1.3686387382245745e-06	2
GRCh38:17:43082515:C:T	491073	485077	Ala1416Thr	c.4246G>A	B	0.201	0	0.108	present	8.208596863495138e-06	2
GRCh38:17:43082424:T:C	491074	485123	Glu1446Gly	c.4337A>G	B	0.042	0.14	0.074	present	6.840693919991244e-07	2
GRCh38:17:43082527:C:T	491072	485336	Ala1412Thr	c.4234G>A	B	0.214	0	0.156	present	6.840488027777854e-07	2
GRCh38:17:43090960:T:C	496377	487713	Asp1390Gly	c.4169A>G	B	0.024	0.01	0.01	present	6.570129562954982e-06	2
GRCh38:17:43057101:C:G	496391	487843	Gly1743Ala	c.5228G>C	A	0.655	0	0.058	present	6.840843667567834e-07	2
GRCh38:17:43076545:T:G	496384	487863	Lys1476Thr	c.4427A>C	B	0.192	0.01	0.027	present	6.571252086372537e-06	2
GRCh38:17:43082473:G:C	531218	531068	Pro1430Ala	c.4288C>G	B	0.214	0.19	0	present	2.0521969452364406e-06	2
GRCh38:17:43076527:T:A	531232	531564	Asp1482Val	c.4445A>T	B	0.203	0	0.113	present	0	2
GRCh38:17:43090954:A:G	578485	569111	Leu1392Ser	c.4175T>C	A	0.676	0	0.087	present	3.4288284927418557e-06	2
GRCh38:17:43091008:C:T	583140	569117	Ser1374Asn	c.4121G>A	B	0.114	0.04	0.156	present	1.3693565393621538e-06	2
GRCh38:17:43051096:A:G	630918	618556	Cys1767Arg	c.5299T>C	A	0.869	0	0.489	present	0	2
GRCh38:17:43090986:G:C	628110	618591	Asp1381Glu	c.4143C>G	B	0.046	0.03	0	present	6.846463938305145e-07	2
GRCh38:17:43076582:G:C	639775	645951	Pro1464Ala	c.4390C>G	B	0.14	0.07	0.003	present	1.0264790536684309e-05	2
GRCh38:17:43082562:A:T	653845	645957	Met1400Lys	c.4199T>A	A	0.695	0	0.015	present	6.5696979252893955e-06	2
GRCh38:17:43095905:A:C	639275	646051	Leu204Trp	c.611T>G	A	0.664	0.01	0.852	present	6.843980513818681e-07	2
GRCh38:17:43051095:C:G	801087	789610	Cys1767Ser	c.5300G>C	A	0.767	0	0.209	present	2.0521997529151496e-06	2
GRCh38:17:43090975:A:G	808279	797546	Leu1385Pro	c.4154T>C	B	0.008	0.17	0.365	present	1.3696247365184413e-06	2
GRCh38:17:43047669:G:T	825736	813643	Ala1814Asp	c.5441C>A	A	0.731	0	0.007	present	6.840459952527208e-07	2
GRCh38:17:43063371:C:T	825488	813662	Val1719Met	c.5155G>A	A	0.677	0	0.586	present	0	2
GRCh38:17:43076602:G:A	824837	813693	Ser1457Leu	c.4370C>T	B	0.279	0.01	0.019	present	6.843652649041067e-07	2
GRCh38:17:43082461:T:C	824773	813698	Ser1434Gly	c.4300A>G	B	0.226	0.05	0.003	present	0	2
GRCh38:17:43082524:C:T	824708	813700	Glu1413Lys	c.4237G>A	B	0.199	0.45	0.081	present	6.840534820374396e-07	2
GRCh38:17:43124029:T:G	826690	813921	Glu23Ala	c.68A>C	A	0.793	0	0.455	present	6.848733395245883e-07	2
GRCh38:17:43045726:C:A	869027	853116	Gln1848His	c.5544G>T	A	0.682	0	0.263	present	6.840974702075551e-07	2
GRCh38:17:43045775:A:G	868593	853203	Val1832Ala	c.5495T>C	A	0.672	0	0.708	present	6.840441235821475e-07	2
GRCh38:17:43047682:C:G	867386	853360	Val1810Leu	c.5428G>C	A	0.677	0.05	0.099	present	6.840497386245948e-07	2
GRCh38:17:43067614:T:C	867593	854039	Lys1690Glu	c.5068A>G	A	0.665	0	0.013	present	6.858851691049884e-07	2
GRCh38:17:43067649:T:C	865556	854109	Asn1678Ser	c.5033A>G	B	0.259	0.03	0.007	present	6.843287351004526e-07	2
GRCh38:17:43104918:T:C	868310	854521	Glu84Gly	c.251A>G	A	0.743	0	0.638	present	6.841667396444522e-07	2
GRCh38:17:43104925:G:A	868803	854536	Leu82Phe	c.244C>T	A	0.693	0	0.078	present	6.84192017121221e-07	2
GRCh38:17:43104956:C:A	867971	854606	Arg71Ser	c.213G>T	A	0.718	0	0.237	present	6.84782355623912e-07	2
GRCh38:17:43106483:G:A	865233	854661	Pro62Leu	c.185C>T	A	0.919	0	0.99	present	1.3774503119236232e-06	2
GRCh38:17:43106522:A:G	867886	854741	Leu49Pro	c.146T>C	A	0.741	0	0.973	present	0	2
GRCh38:17:43076507:T:C	951096	928275	Lys1489Glu	c.4465A>G	B	0.239	0.2	0.04	present	6.842172964658808e-07	2
GRCh38:17:43082472:G:A	950626	928282	Pro1430Leu	c.4289C>T	B	0.15	0.03	0	present	3.420300165542528e-06	2
GRCh38:17:43082493:C:T	946942	928283	Ser1423Asn	c.4268G>A	B	0.227	0.19	0.109	present	6.840693919991244e-07	2
GRCh38:17:43076599:T:A	934818	937946	Gln1458Leu	c.4373A>T	B	0.194	0	0.011	present	1.3139913802165458e-05	2
GRCh38:17:43090979:C:A	964444	949933	Gly1384Trp	c.4150G>T	B	0.033	0	0.222	present	6.847420302875094e-07	2
GRCh38:17:43104222:G:A	958403	949964	Ser114Phe	c.341C>T	A	0.653	0.04	0.81	present	6.846857703125728e-07	2
GRCh38:17:43090966:T:C	1020675	1012768	Gln1388Arg	c.4163A>G	B	0.07	0	0.001	present	4.795427080735811e-06	2
GRCh38:17:43104135:T:C	1044896	1033333	Glu143Gly	c.428A>G	B	0.021	0.2	0.084	present	6.842107423823397e-07	2
GRCh38:17:43082467:T:C	1049902	1038560	Ile1432Val	c.4294A>G	B	0.22	0.17	0	present	6.840572254912557e-07	2
GRCh38:17:43082454:G:A	1059740	1050288	Ser1436Phe	c.4307C>T	B	0.252	0.01	0.148	present	2.0521744840833347e-06	2
GRCh38:17:43082568:T:A	1064293	1050289	Asp1398Val	c.4193A>T	B	0.132	0	0.04	present	6.840721997162468e-07	2
GRCh38:17:43082404:C:T	1491600	1342637	Ala1453Thr	c.4357G>A	B	0.083	0.09	0.027	present	6.843437212147923e-07	2
GRCh38:17:43076614:G:T	1479797	1364467	Ala1453Glu	c.4358C>A	B	0.196	0.09	0.001	present	0	2
GRCh38:17:43071121:G:A	1446083	1390913	Ser1598Phe	c.4793C>T	A	0.685	0	0.766	present	6.840469310918484e-07	2
GRCh38:17:43076581:G:A	1481377	1451815	Pro1464Leu	c.4391C>T	B	0.135	0.15	0.027	present	0	2
GRCh38:17:43076585:A:G	1416615	1487355	Tyr1463His	c.4387T>C	B	0.183	0.39	0	present	6.842819077232162e-07	2
GRCh38:17:43104212:A:T	1697608	1689992	His117Gln	c.351T>A	B	0.022	0.19	0.082	present	6.844683186994006e-07	2
GRCh38:17:43082524:C:G	1738950	1787949	Glu1413Gln	c.4237G>C	B	0.262	0.39	0.263	present	1.3681069640748791e-06	2
GRCh38:17:43104186:T:C	1734826	1796618	Gln126Arg	c.377A>G	A	0.657	0	0.538	present	6.841049581190945e-07	2
GRCh38:17:43076519:T:C	1740719	1798219	Thr1485Ala	c.4453A>G	B	0.194	0.06	0.015	present	0	2
GRCh38:17:43106498:C:T	1778531	1834503	Gly57Glu	c.170G>A	A	0.676	0	0.872	present	6.885923657141598e-07	2
GRCh38:17:43076597:T:C	2111745	2160566	Lys1459Glu	c.4375A>G	B	0.228	0.12	0.003	present	6.842997013716103e-07	2
GRCh38:17:43094014:C:T	2450667	2423153	Arg506Lys	c.1517G>A	A	0.852	0.01	0.955	present	6.84094662282988e-07	2
GRCh38:17:43094690:T:A	2450671	2423157	Ser281Cys	c.841A>T	A	0.649	0	0.985	present	6.843530878695678e-07	2
GRCh38:17:43092876:G:C	2565359	2732332	Phe885Leu	c.2655C>G	B	0.282	0.18	0.018	present	6.841639311512153e-07	2
GRCh38:17:43091697:C:G	2672697	2840217	Lys1278Asn	c.3834G>C	B	0.029	0.02	0.205	present	6.840534820374396e-07	2
GRCh38:17:43093304:T:C	2696704	2858123	Asn743Asp	c.2227A>G	B	0.167	0.1	0.015	present	6.841311671004058e-07	2
GRCh38:17:43092929:A:G	2759181	2917763	Ser868Pro	c.2602T>C	A	0.75	0	0.995	present	6.842294686684484e-07	2
GRCh38:17:43091629:C:A	2771887	2927873	Ser1301Ile	c.3902G>T	B	0.066	0	0.303	present	6.840534820374396e-07	2
GRCh38:17:43091621:C:G	2774844	2935571	Glu1304Gln	c.3910G>C	B	0.026	0.14	0.653	present	2.052157638541162e-06	2
GRCh38:17:43094206:C:T	2790182	2959946	Cys442Tyr	c.1325G>A	B	0.022	0.24	0.309	present	6.572029442691903e-06	2
GRCh38:17:43093687:G:T	2811842	2969080	Ser615Tyr	c.1844C>A	A	0.672	0	0.959	present	2.0522952185625998e-06	2
GRCh38:17:43094015:T:C	2863355	3019542	Arg506Gly	c.1516A>G	A	0.924	0	0.997	present	6.84094662282988e-07	2
GRCh38:17:43094597:C:A	3073045	3229315	Gly312Cys	c.934G>T	A	0.699	0	0.978	present	6.840525461803874e-07	2
GRCh38:17:43093800:T:G	3069235	3229862	Glu577Asp	c.1731A>C	A	0.659	0.01	0.576	present	6.842940822247769e-07	2
GRCh38:17:43094268:T:G	3069236	3229863	Glu421Asp	c.1263A>C	B	0.065	0.07	0.274	present	6.840684560985387e-07	2
GRCh38:17:43076504:C:T	3226156	3387220	Glu1490Lys	c.4468G>A	B	0.218	0.05	0.007	present	6.842369594699079e-07	2
GRCh38:17:43104195:G:A	3261473	3424242	Ser123Phe	c.368C>T	A	0.707	0	0.867	present	6.841966983404125e-07	2
GRCh38:17:43094597:C:T	3340388	3499644	Gly312Ser	c.934G>A	A	0.678	0.03	0.608	present	6.573498284316948e-06	2
GRCh38:17:43092976:A:C	3623617	3751417	Leu852Arg	c.2555T>G	A	0.779	0	0.997	present	6.844083563522678e-07	2
GRCh38:17:43104140:T:A	3634709	3763932	Glu141Asp	c.423A>T	B	0.018	0.02	0.005	present	6.841723567000999e-07	2
GRCh38:17:43092946:T:G	3676555	3810450	Lys862Thr	c.2585A>C	A	0.666	0	0.979	present	1.3684832826082197e-06	2
GRCh38:17:43092565:A:G	3697525	3833010	Phe989Ser	c.2966T>C	B	0.22	1	0	present	6.840918543814715e-07	2
GRCh38:17:43092082:G:C	3704478	3839227	Pro1150Arg	c.3449C>G	A	0.786	0	0.998	present	1.36822863647807e-06	2
GRCh38:17:43094675:C:T	3779411	3895395	Glu286Lys	c.856G>A	B	0.202	0.04	0.333	present	6.841021501330579e-07	2
GRCh38:17:43094151:T:C	3893787	4009668	Ile460Met	c.1380A>G	A	0.855	0	0.999	present	6.841189983950568e-07	2
GRCh38:17:43076551:G:A	4215080	4331993	Ala1474Val	c.4421C>T	B	0.187	0.05	0.041	present	1.3685787993458194e-06	2
GRCh38:17:43104871:C:G	4279061	4391609	Glu100Gln	c.298G>C	B	0.089	1	0	present	1.3688841677594925e-06	2
GRCh38:17:43091623:A:G	4533106	4644585	Leu1303Ser	c.3908T>C	B	0.059	0.31	0.01	present	6.840534820374396e-07	2
GRCh38:17:43076494:A:T	4625255	4736364	Val1493Glu	c.4478T>A	B	0.254	0.3	0.031	present	6.842613057074236e-07	2
GRCh38:17:43094371:G:A	4757054	4868389	Ser387Phe	c.1160C>T	A	0.755	0.02	0.532	present	6.840619048661428e-07	2
GRCh38:17:43092910:T:C	4867721	4974681	Asn874Ser	c.2621A>G	B	0.127	0.28	0.682	present	6.84192017121221e-07	2
GRCh38:17:43082542:G:C	37576	46132	Leu1407Val	c.4219C>G	D	0.065	0	0.01	absent		3
GRCh38:17:43082541:A:G	55144	69811	Leu1407Pro	c.4220T>C	D	0.185	0	0.191	absent		3
GRCh38:17:43076512:T:C	55206	69873	Lys1487Arg	c.4460A>G	D	0.237	0.03	0.111	absent		3
GRCh38:17:43076501:G:C	55207	69874	Pro1491Ala	c.4471C>G	D	0.126	0.07	0.017	absent		3
GRCh38:17:43104224:G:C	89058	94601	Asn113Lys	c.339C>G	D	0.035	0.09	0.006	absent		3
GRCh38:17:43099856:G:C	133722	137461	Leu156Val	c.466C>G	D	0.11	0.02	0.013	absent		3
GRCh38:17:43076506:T:C	141615	151329	Lys1489Arg	c.4466A>G	D	0.211	0.05	0	absent		3
GRCh38:17:43076560:C:G	142774	152488	Gly1471Ala	c.4412G>C	D	0.19	0.3	0.017	absent		3
GRCh38:17:43082456:G:C	182080	180832	Asp1435Glu	c.4305C>G	D	0.047	0.11	0.038	absent		3
GRCh38:17:43076537:C:G	187167	184921	Val1479Leu	c.4435G>C	D	0.237	0.29	0.001	absent		3
GRCh38:17:43076606:T:C	184974	184925	Thr1456Ala	c.4366A>G	D	0.239	0.03	0.041	absent		3
GRCh38:17:43082442:T:C	185580	184927	Glu1440Gly	c.4319A>G	D	0.015	0.24	0.074	absent		3
GRCh38:17:43090978:C:T	187199	184934	Gly1384Glu	c.4151G>A	D	0.121	0.18	0.01	absent		3
GRCh38:17:43104143:A:C	186399	185112	Ser140Arg	c.420T>G	D	0.016	0.12	0.019	absent		3
GRCh38:17:43076542:A:G	233654	235967	Phe1477Ser	c.4430T>C	D	0.249	0.2	0.001	absent		3
GRCh38:17:43082556:T:G	240800	242778	His1402Pro	c.4205A>C	D	0.092	0	0.01	absent		3
GRCh38:17:43082520:A:C	245779	245031	Leu1414Arg	c.4241T>G	D	0.283	0	0.082	absent		3
GRCh38:17:43076514:A:C	252387	246816	Ser1486Arg	c.4458T>G	D	0.215	0.07	0.009	absent		3
GRCh38:17:43082488:G:C	252398	246818	Pro1425Ala	c.4273C>G	D	0.035	0.09	0.04	absent		3
GRCh38:17:43104180:A:G	418065	410031	Met128Thr	c.383T>C	D	0.058	0.12	0.106	absent		3
GRCh38:17:43076579:T:G	433714	427544	Ile1465Leu	c.4393A>C	D	0.198	0.28	0.011	absent		3
GRCh38:17:43076587:T:C	433713	427545	Glu1462Gly	c.4385A>G	D	0.02	0.03	0.041	absent		3
GRCh38:17:43076612:C:T	433712	427546	Val1454Ile	c.4360G>A	D	0.221	0.66	0.001	absent		3
GRCh38:17:43082443:C:G	433710	427548	Glu1440Gln	c.4318G>C	D	0.082	0.1	0.144	absent		3
GRCh38:17:43082424:T:G	440473	432901	Glu1446Ala	c.4337A>C	D	0.042	0.08	0.04	absent		3
GRCh38:17:43091007:A:T	440472	432902	Ser1374Arg	c.4122T>A	D	0.055	0	0.159	absent		3
GRCh38:17:43076501:G:T	441439	435119	Pro1491Thr	c.4471C>A	D	0.138	0.15	0.003	absent		3
GRCh38:17:43082507:T:A	441391	435122	Leu1418Phe	c.4254A>T	D	0.287	0	0.081	absent		3
GRCh38:17:43104259:C:T	441426	435174	Ala102Thr	c.304G>A	D	0.048	0.22	0.724	absent		3
GRCh38:17:43082512:C:T	462641	468129	Val1417Met	c.4249G>A	D	0.178	0	0.369	absent		3
GRCh38:17:43082518:C:G	462640	468136	Glu1415Gln	c.4243G>C	D	0.176	0	0.01	absent		3
GRCh38:17:43076552:C:T	481446	478538	Ala1474Thr	c.4420G>A	D	0.196	0.04	0.006	absent		3
GRCh38:17:43076614:G:A	481452	478540	Ala1453Val	c.4358C>T	D	0.214	0.04	0	absent		3
GRCh38:17:43076502:T:A	482951	478676	Glu1490Asp	c.4470A>T	D	0.22	0.04	0	absent		3
GRCh38:17:43076560:C:A	485391	478680	Gly1471Val	c.4412G>T	D	0.184	0.04	0.076	absent		3
GRCh38:17:43082538:T:C	481440	478683	Gln1408Arg	c.4223A>G	D	0.049	0.03	0.263	absent		3
GRCh38:17:43082541:A:C	481429	478688	Leu1407Arg	c.4220T>G	D	0.172	0	0.01	absent		3
GRCh38:17:43076526:A:C	481168	479312	Asp1482Glu	c.4446T>G	D	0.205	0.13	0.041	absent		3
GRCh38:17:43047672:T:A	489733	482925	Asp1813Val	c.5438A>T	D	0.262	0	0.006	absent		3
GRCh38:17:43082527:C:A	489722	482945	Ala1412Ser	c.4234G>T	D	0.066	0.01	0.081	absent		3
GRCh38:17:43099776:C:A	491176	485398	Leu182Phe	c.546G>T	D	0.114	0.15	0.859	absent		3
GRCh38:17:43082404:C:A	496668	488139	Ala1453Ser	c.4357G>T	D	0.093	0.13	0.038	absent		3
GRCh38:17:43076590:C:G	531434	531066	Ser1461Thr	c.4382G>C	D	0.021	0.39	0.038	absent		3
GRCh38:17:43076582:G:T	531324	531211	Pro1464Thr	c.4390C>A	D	0.143	0.06	0.027	absent		3
GRCh38:17:43082451:G:A	531421	531215	Ser1437Phe	c.4310C>T	D	0.208	0.13	0.28	absent		3
GRCh38:17:43082423:T:A	531260	531310	Glu1446Asp	c.4338A>T	D	0.039	0.02	0.055	absent		3
GRCh38:17:43082490:T:C	559982	550701	Gln1424Arg	c.4271A>G	D	0.112	0	0.07	absent		3
GRCh38:17:43104230:T:G	569377	569177	Glu111Asp	c.333A>C	D	0.114	0.03	0.17	absent		3
GRCh38:17:43076522:A:C	630099	618581	Ser1484Ala	c.4450T>G	D	0.15	0.06	0.001	absent		3
GRCh38:17:43076560:C:T	631018	618583	Gly1471Asp	c.4412G>A	D	0.183	0.1	0.027	absent		3
GRCh38:17:43076561:C:T	630636	618584	Gly1471Ser	c.4411G>A	D	0.252	1	0	absent		3
GRCh38:17:43076582:G:A	628044	618585	Pro1464Ser	c.4390C>T	D	0.152	0.11	0.001	absent		3
GRCh38:17:43082412:G:A	630572	618586	Ser1450Leu	c.4349C>T	D	0.202	0.01	0.04	absent		3
GRCh38:17:43082528:C:T	628271	618588	Met1411Ile	c.4233G>A	D	0.139	0.01	0.063	absent		3
GRCh38:17:43076498:C:T	645683	645949	Gly1492Arg	c.4474G>A	D	0.26	0.28	0.01	absent		3
GRCh38:17:43082430:T:A	662999	645952	Asn1444Ile	c.4331A>T	D	0.227	0.01	0.01	absent		3
GRCh38:17:43082457:T:A	658688	645953	Asp1435Val	c.4304A>T	D	0.011	0.04	0	absent		3
GRCh38:17:43091024:C:G	663808	645961	Ala1369Pro	c.4105G>C	D	0.024	0.01	0.258	absent		3
GRCh38:17:43099864:C:T	801078	789632	Ser153Asn	c.458G>A	D	0.031	0.11	0.015	absent		3
GRCh38:17:43076527:T:C	808278	797545	Asp1482Gly	c.4445A>G	D	0.195	0.14	0.041	absent		3
GRCh38:17:43047691:T:A	825717	813645	Ile1807Phe	c.5419A>T	D	0.217	0	0.129	absent		3
GRCh38:17:43076587:T:A	824847	813692	Glu1462Val	c.4385A>T	D	0.044	0	0.084	absent		3
GRCh38:17:43082417:G:C	824811	813694	Ser1448Arg	c.4344C>G	D	0.238	0.23	0.059	absent		3
GRCh38:17:43082443:C:T	824788	813696	Glu1440Lys	c.4318G>A	D	0.237	0.25	0.04	absent		3
GRCh38:17:43082449:C:T	824782	813697	Ala1438Thr	c.4312G>A	D	0.261	0.21	0.074	absent		3
GRCh38:17:43082514:G:C	824716	813699	Ala1416Gly	c.4247C>G	D	0.085	0	0.108	absent		3
GRCh38:17:43076497:C:T	839626	845382	Gly1492Glu	c.4475G>A	D	0.195	0.31	0.001	absent		3
GRCh38:17:43076518:G:C	856839	845383	Thr1485Ser	c.4454C>G	D	0.192	0.23	0	absent		3
GRCh38:17:43076543:A:C	850560	845385	Phe1477Val	c.4429T>G	D	0.015	0.04	0.001	absent		3
GRCh38:17:43076605:G:A	863784	845387	Thr1456Ile	c.4367C>T	D	0.228	0.04	0.051	absent		3
GRCh38:17:43047646:G:A	868519	853275	His1822Tyr	c.5464C>T	D	0.287	0.06	0.387	absent		3
GRCh38:17:43047653:A:T	868911	853296	Asn1819Lys	c.5457T>A	D	0.191	0.02	0.01	absent		3
GRCh38:17:43047655:T:A	868511	853299	Asn1819Tyr	c.5455A>T	D	0.146	0.01	0	absent		3
GRCh38:17:43047691:T:G	868476	853372	Ile1807Leu	c.5419A>C	D	0.168	0.01	0.009	absent		3
GRCh38:17:43104881:G:T	868828	854437	Asp96Glu	c.288C>A	D	0.102	0	0.095	absent		3
GRCh38:17:43104888:T:G	865628	854454	Gln94Pro	c.281A>C	D	0.115	0	0.044	absent		3
GRCh38:17:43076584:T:A	920532	913876	Tyr1463Phe	c.4388A>T	D	0.12	0.25	0.044	absent		3
GRCh38:17:43082463:A:G	924219	913877	Ile1433Thr	c.4298T>C	D	0.262	0.3	0.001	absent		3
GRCh38:17:43082499:T:G	924853	913878	His1421Pro	c.4262A>C	D	0.043	0	0	absent		3
GRCh38:17:43082532:T:A	918553	913879	Glu1410Val	c.4229A>T	D	0.214	0	0.04	absent		3
GRCh38:17:43082535:T:A	921480	913880	Gln1409Leu	c.4226A>T	D	0.076	0	0.015	absent		3
GRCh38:17:43104870:T:G	920309	913984	Glu100Ala	c.299A>C	D	0.015	0	0.003	absent		3
GRCh38:17:43076506:T:A	951768	928274	Lys1489Ile	c.4466A>T	D	0.169	0.03	0.28	absent		3
GRCh38:17:43076530:G:A	946648	928276	Ala1481Val	c.4442C>T	D	0.253	0.39	0.041	absent		3
GRCh38:17:43076595:T:A	952219	928279	Lys1459Asn	c.4377A>T	D	0.202	0.27	0.001	absent		3
GRCh38:17:43082438:G:T	951122	928281	Asp1441Glu	c.4323C>A	D	0.023	0.22	0.001	absent		3
GRCh38:17:43076585:A:T	938286	937945	Tyr1463Asn	c.4387T>A	D	0.204	1	0.001	absent		3
GRCh38:17:43099869:A:C	937709	937977	Ser151Arg	c.453T>G	D	0.018	0.03	0.057	absent		3
GRCh38:17:43076500:G:C	953812	949931	Pro1491Arg	c.4472C>G	D	0.213	0.02	0.003	absent		3
GRCh38:17:43091017:C:G	993166	981163	Gly1371Ala	c.4112G>C	D	0.266	0.07	0.025	absent		3
GRCh38:17:43076527:T:G	1009272	997564	Asp1482Ala	c.4445A>C	D	0.184	0	0.024	absent		3
GRCh38:17:43082428:G:A	1005598	997565	Pro1445Ser	c.4333C>T	D	0.202	0.49	0.006	absent		3
GRCh38:17:43076495:C:A	1024428	1012765	Val1493Leu	c.4477G>T	D	0.231	0.25	0	absent		3
GRCh38:17:43076569:T:G	1014065	1012766	Asn1468Thr	c.4403A>C	D	0.239	0.03	0.027	absent		3
GRCh38:17:43076497:C:A	1172378	1161354	Gly1492Val	c.4475G>T	D	0.255	0.01	0.223	absent		3
GRCh38:17:43082406:T:G	1346271	1378560	Lys1452Thr	c.4355A>C	D	0.175	0.38	0.04	absent		3
GRCh38:17:43076528:C:T	1500055	1385875	Asp1482Asn	c.4444G>A	D	0.112	0.03	0.041	absent		3
GRCh38:17:43091005:T:C	1432384	1484495	Glu1375Gly	c.4124A>G	D	0.082	0	0.003	absent		3
GRCh38:17:43104141:T:A	1692970	1685410	Glu141Val	c.422A>T	D	0.072	0	0.309	absent		3
GRCh38:17:43091024:C:A	1737880	1787743	Ala1369Ser	c.4105G>T	D	0.024	0.01	0.1	absent		3
GRCh38:17:43082512:C:A	1739051	1788048	Val1417Leu	c.4249G>T	D	0.184	0	0.003	absent		3
GRCh38:17:43104138:G:A	1739155	1788152	Pro142Leu	c.425C>T	D	0.119	0.11	0.322	absent		3
GRCh38:17:43090965:C:A	1738365	1790698	Gln1388His	c.4164G>T	D	0.025	0	0.349	absent		3
GRCh38:17:43104144:C:G	1738622	1790955	Ser140Thr	c.419G>C	D	0.038	0.13	0.266	absent		3
GRCh38:17:43076578:A:T	1740251	1791284	Ile1465Lys	c.4394T>A	D	0.203	0.28	0.017	absent		3
GRCh38:17:43076551:G:T	1740486	1791516	Ala1474Asp	c.4421C>A	D	0.019	0.07	0.194	absent		3
GRCh38:17:43082416:T:G	1739880	1794326	Thr1449Pro	c.4345A>C	D	0.248	0.16	0.465	absent		3
GRCh38:17:43076614:G:C	1739973	1794419	Ala1453Gly	c.4358C>G	D	0.207	0.38	0.051	absent		3
GRCh38:17:43091014:C:A	1737955	1797191	Cys1372Phe	c.4115G>T	D	0.016	0	0	absent		3
GRCh38:17:43090986:G:T	1738179	1797415	Asp1381Glu	c.4143C>A	D	0.037	0.03	0	absent		3
GRCh38:17:43090975:A:T	1738287	1797521	Leu1385Gln	c.4154T>A	D	0.018	0	0.01	absent		3
GRCh38:17:43082487:G:A	1739278	1797648	Pro1425Leu	c.4274C>T	D	0.247	0.01	0.082	absent		3
GRCh38:17:43082480:G:C	1739351	1797721	Asn1427Lys	c.4281C>G	D	0.038	0.45	0.007	absent		3
GRCh38:17:43082476:A:G	1739379	1797749	Tyr1429His	c.4285T>C	D	0.221	0.1	0.09	absent		3
GRCh38:17:43082472:G:C	1739401	1797770	Pro1430Arg	c.4289C>G	D	0.186	0	0.07	absent		3
GRCh38:17:43076547:G:C	1740509	1798011	Asp1475Glu	c.4425C>G	D	0.044	0	0.027	absent		3
GRCh38:17:43076533:G:C	1740602	1798103	Ser1480Cys	c.4439C>G	D	0.208	0.06	0.544	absent		3
GRCh38:17:43076513:T:C	1740750	1798250	Lys1487Glu	c.4459A>G	D	0.232	0.24	0.057	absent		3
GRCh38:17:43076495:C:G	1740863	1798363	Val1493Leu	c.4477G>C	D	0.231	0.25	0	absent		3
GRCh38:17:43071170:C:T	1742791	1808874	Asp1582Asn	c.4744G>A	D	0.263	0.29	0.047	absent		3
GRCh38:17:43099870:C:T	1988377	2047525	Ser151Asn	c.452G>A	D	0.015	0.16	0	absent		3
GRCh38:17:43076500:G:A	1999192	2060985	Pro1491Leu	c.4472C>T	D	0.136	0.17	0.038	absent		3
GRCh38:17:43076591:T:C	2009627	2070149	Ser1461Gly	c.4381A>G	D	0.129	0.35	0.027	absent		3
GRCh38:17:43076537:C:T	2129609	2191033	Val1479Met	c.4435G>A	D	0.228	0.06	0.223	absent		3
GRCh38:17:43094220:A:C	2450665	2423151	His437Gln	c.1311T>G	D	0.041	0.25	0.203	absent		3
GRCh38:17:43091788:G:C	2450668	2423154	Ala1248Gly	c.3743C>G	D	0.04	0.06	0.015	absent		3
GRCh38:17:43094520:T:G	2507342	2672332	Glu337Asp	c.1011A>C	D	0.095	0.07	0.835	absent		3
GRCh38:17:43082431:T:G	2565340	2732314	Asn1444His	c.4330A>C	D	0.177	0.09	0.464	absent		3
GRCh38:17:43092757:A:C	2565342	2732316	Ile925Ser	c.2774T>G	D	0.209	0.19	0.018	absent		3
GRCh38:17:43094311:G:C	2565345	2732319	Ala407Gly	c.1220C>G	D	0.212	0.01	0.255	absent		3
GRCh38:17:43093486:T:C	2570989	2735946	Asn682Ser	c.2045A>G	D	0.22	0.2	0.09	absent		3
GRCh38:17:43092433:T:C	2574388	2739322	Glu1033Gly	c.3098A>G	D	0.161	0.14	0.232	absent		3
GRCh38:17:43092670:A:G	2585820	2753380	Leu954Pro	c.2861T>C	D	0.161	0.45	0.006	absent		3
GRCh38:17:43094459:G:C	2585832	2753392	Leu358Val	c.1072C>G	D	0.045	0.07	0.274	absent		3
GRCh38:17:43076608:A:G	2585837	2753397	Leu1455Ser	c.4364T>C	D	0.233	0.12	0.007	absent		3
GRCh38:17:43091760:C:G	2591721	2761901	Glu1257Asp	c.3771G>C	D	0.018	0.04	0.003	absent		3
GRCh38:17:43104255:T:C	2680208	2833935	Asn103Ser	c.308A>G	D	0.009	0.1	0.055	absent		3
GRCh38:17:43082408:T:A	2680222	2833950	Glu1451Asp	c.4353A>T	D	0.013	0.18	0.081	absent		3
GRCh38:17:43076494:A:G	2698834	2855125	Val1493Ala	c.4478T>C	D	0.242	0.34	0.003	absent		3
GRCh38:17:43094290:T:C	2730714	2883449	Asp414Gly	c.1241A>G	D	0.025	0.01	0.007	absent		3
GRCh38:17:43082543:C:G	2731680	2890435	Lys1406Asn	c.4218G>C	D	0.062	0	0.191	absent		3
GRCh38:17:43094342:C:T	2744350	2900819	Asp397Asn	c.1189G>A	D	0.177	0.16	0.265	absent		3
GRCh38:17:43082446:G:C	2747718	2904611	Leu1439Val	c.4315C>G	D	0.245	0.2	0.011	absent		3
GRCh38:17:43076566:G:C	2746294	2911804	Pro1469Arg	c.4406C>G	D	0.015	0.06	0.239	absent		3
GRCh38:17:43091782:T:C	2748795	2915155	Glu1250Gly	c.3749A>G	D	0.048	0.04	0.156	absent		3
GRCh38:17:43093071:T:A	2755706	2916878	Lys820Asn	c.2460A>T	D	0.253	0.12	0.142	absent		3
GRCh38:17:43091590:T:C	2757680	2917552	Asp1314Gly	c.3941A>G	D	0.069	0.06	0.108	absent		3
GRCh38:17:43082427:G:C	2748372	2918625	Pro1445Arg	c.4334C>G	D	0.015	0.07	0.047	absent		3
GRCh38:17:43082436:A:T	2748373	2918626	Leu1442Gln	c.4325T>A	D	0.221	0.15	0.111	absent		3
GRCh38:17:43092793:T:G	2765149	2925896	Asn913Thr	c.2738A>C	D	0.274	0.03	0.017	absent		3
GRCh38:17:43076545:T:C	2771147	2933163	Lys1476Arg	c.4427A>G	D	0.087	0	0.003	absent		3
GRCh38:17:43074444:T:C	2774834	2935561	Asn1521Ser	c.4562A>G	D	0.258	0.11	0	absent		3
GRCh38:17:43076593:C:G	2774835	2935562	Ser1460Thr	c.4379G>C	D	0.035	0.44	0.084	absent		3
GRCh38:17:43091626:T:C	2774845	2935572	Glu1302Gly	c.3905A>G	D	0.062	0.09	0	absent		3
GRCh38:17:43094729:T:G	2774865	2935591	Asn268His	c.802A>C	D	0.114	0.01	0.324	absent		3
GRCh38:17:43091458:T:A	2814991	2973521	Glu1358Val	c.4073A>T	D	0.192	0	0.059	absent		3
GRCh38:17:43082521:G:C	2819115	2977641	Leu1414Val	c.4240C>G	D	0.024	0.01	0.074	absent		3
GRCh38:17:43082497:C:T	2820578	2981664	Gly1422Arg	c.4264G>A	D	0.064	0	0.117	absent		3
GRCh38:17:43092338:C:T	2828954	2983620	Asp1065Asn	c.3193G>A	D	0.143	0.14	0.01	absent		3
GRCh38:17:43092307:T:C	2818206	2984421	Asn1075Ser	c.3224A>G	D	0.224	0.14	0.401	absent		3
GRCh38:17:43092214:G:A	2839096	2996367	Pro1106Leu	c.3317C>T	D	0.206	0.37	0.02	absent		3
GRCh38:17:43082545:T:G	2842713	2997419	Lys1406Gln	c.4216A>C	D	0.213	0.01	0.017	absent		3
GRCh38:17:43094777:G:T	2858139	3018185	Arg252Ser	c.754C>A	D	0.032	0	0.005	absent		3
GRCh38:17:43092596:G:C	2859985	3028622	Arg979Gly	c.2935C>G	D	0.254	0.24	0	absent		3
GRCh38:17:43091674:C:T	2900152	3064150	Ser1286Asn	c.3857G>A	D	0.018	0.1	0.005	absent		3
GRCh38:17:43082448:G:A	2915510	3074060	Ala1438Val	c.4313C>T	D	0.025	0.21	0.074	absent		3
GRCh38:17:43076526:A:T	2992774	3151734	Asp1482Glu	c.4446T>A	D	0.205	0.13	0.041	absent		3
GRCh38:17:43091576:C:A	3072980	3229251	Gly1319Cys	c.3955G>T	D	0.045	0.18	0.266	absent		3
GRCh38:17:43076572:T:C	3069230	3229857	Gln1467Arg	c.4400A>G	D	0.027	0.19	0.036	absent		3
GRCh38:17:43094679:C:A	3069237	3229864	Gln284His	c.852G>T	D	0.286	0.01	0.375	absent		3
GRCh38:17:43094776:C:A	3070606	3230363	Arg252Leu	c.755G>T	D	0.028	0	0.012	absent		3
GRCh38:17:43094782:T:C	3070942	3230698	Glu250Gly	c.749A>G	D	0.194	0.07	0.7	absent		3
GRCh38:17:43104180:A:T	3226146	3387210	Met128Lys	c.383T>A	D	0.028	0.35	0.139	absent		3
GRCh38:17:43094574:G:T	3226181	3387244	Asn319Lys	c.957C>A	D	0.167	0.06	0.152	absent		3
GRCh38:17:43094494:G:A	3226094	3390599	Pro346Leu	c.1037C>T	D	0.256	0.07	0.04	absent		3
GRCh38:17:43104872:C:G	3240941	3399924	Leu99Phe	c.297G>C	D	0.034	0.17	0.965	absent		3
GRCh38:17:43076542:A:C	3240942	3399925	Phe1477Cys	c.4430T>G	D	0.015	0	0.001	absent		3
GRCh38:17:43094503:T:C	3261443	3424212	Asn343Ser	c.1028A>G	D	0.248	0.09	0.058	absent		3
GRCh38:17:43092535:A:G	3261462	3424231	Leu999Pro	c.2996T>C	D	0.27	0.17	0.003	absent		3
GRCh38:17:43094814:A:C	3261466	3424235	His239Gln	c.717T>G	D	0.058	0.11	0.803	absent		3
GRCh38:17:43099779:T:G	3261479	3424248	Glu181Asp	c.543A>C	D	0.024	0.05	0.001	absent		3
GRCh38:17:43091780:A:T	3340195	3499453	Cys1251Ser	c.3751T>A	D	0.016	0.4	0.006	absent		3
GRCh38:17:43099780:T:G	3340216	3499474	Glu181Ala	c.542A>C	D	0.048	0.01	0.057	absent		3
GRCh38:17:43082511:A:G	3367142	3526343	Val1417Ala	c.4250T>C	D	0.197	0.03	0	absent		3
GRCh38:17:43082485:A:T	3372696	3531886	Ser1426Thr	c.4276T>A	D	0.239	0.05	0.108	absent		3
GRCh38:17:43092337:T:C	3373180	3532370	Asp1065Gly	c.3194A>G	D	0.251	1	0	absent		3
GRCh38:17:43093093:C:T	3386216	3545357	Gly813Glu	c.2438G>A	D	0.216	1	0	absent		3
GRCh38:17:43094791:T:A	3386226	3545367	Asn247Ile	c.740A>T	D	0.021	0.06	0.011	absent		3
GRCh38:17:43082464:T:G	3481844	3640055	Ile1433Leu	c.4297A>C	D	0.21	0.93	0	absent		3
GRCh38:17:43090962:A:C	3481860	3640071	Ser1389Arg	c.4167T>G	D	0.046	0	0.059	absent		3
GRCh38:17:43099869:A:T	3481870	3640081	Ser151Arg	c.453T>A	D	0.018	0.03	0.057	absent		3
GRCh38:17:43092425:A:T	3481878	3640089	Phe1036Ile	c.3106T>A	D	0.208	0.13	0.041	absent		3
GRCh38:17:43082458:C:G	3481905	3640116	Asp1435His	c.4303G>C	D	0.213	0.16	0.284	absent		3
GRCh38:17:43082463:A:C	3572270	3731170	Ile1433Arg	c.4298T>G	D	0.205	0.04	0.07	absent		3
GRCh38:17:43092566:A:G	3629694	3762373	Phe989Leu	c.2965T>C	D	0.288	0.15	0.01	absent		3
GRCh38:17:43076573:G:T	3634638	3763861	Gln1467Lys	c.4399C>A	D	0.23	0.08	0.017	absent		3
GRCh38:17:43082409:T:G	3634639	3763862	Glu1451Ala	c.4352A>C	D	0.015	0.15	0.009	absent		3
GRCh38:17:43082416:T:C	3634640	3763863	Thr1449Ala	c.4345A>G	D	0.243	0.29	0.081	absent		3
GRCh38:17:43082460:C:T	3634641	3763864	Ser1434Asn	c.4301G>A	D	0.03	0.06	0.006	absent		3
GRCh38:17:43091667:T:A	3634643	3763866	Glu1288Asp	c.3864A>T	D	0.094	0.46	0.003	absent		3
GRCh38:17:43092629:G:T	3634659	3763882	Pro968Thr	c.2902C>A	D	0.262	0.21	0	absent		3
GRCh38:17:43094217:C:G	3634695	3763918	Glu438Asp	c.1314G>C	D	0.055	1	0.001	absent		3
GRCh38:17:43094781:C:A	3634704	3763927	Glu250Asp	c.750G>T	D	0.023	0.01	0.426	absent		3
GRCh38:17:43091461:T:C	3684896	3808883	Glu1357Gly	c.4070A>G	D	0.1	0.07	0.003	absent		3
GRCh38:17:43094239:A:G	3684905	3808892	Leu431Ser	c.1292T>C	D	0.04	0.1	0.858	absent		3
GRCh38:17:43104141:T:C	3679250	3814274	Glu141Gly	c.422A>G	D	0.094	0.11	0.175	absent		3
GRCh38:17:43094791:T:C	3680685	3818307	Asn247Ser	c.740A>G	D	0.02	0.08	0.08	absent		3
GRCh38:17:43093477:T:C	3768012	3884174	Asn685Ser	c.2054A>G	D	0.242	0.13	0.146	absent		3
GRCh38:17:43094476:T:C	3772201	3888350	Glu352Gly	c.1055A>G	D	0.052	0.06	0.232	absent		3
GRCh38:17:43090988:C:A	3779407	3895391	Asp1381Tyr	c.4141G>T	D	0.152	0	0.01	absent		3
GRCh38:17:43104240:G:T	3825278	3942550	Ala108Glu	c.323C>A	D	0.235	0	0.087	absent		3
GRCh38:17:43076497:C:G	3825286	3942558	Gly1492Ala	c.4475G>C	D	0.17	0.16	0.041	absent		3
GRCh38:17:43094818:T:A	3894301	4010182	His238Leu	c.713A>T	D	0.015	0.1	0.009	absent		3
GRCh38:17:43092920:G:C	3992609	4104860	Pro871Ala	c.2611C>G	D	0.289	0	0	absent		3
GRCh38:17:43094851:T:A	4215077	4331990	Glu227Val	c.680A>T	D	0.031	0.04	0.006	absent		3
GRCh38:17:43094260:C:A	4215081	4331994	Gly424Val	c.1271G>T	D	0.037	0.1	0.301	absent		3
GRCh38:17:43099816:T:C	4215087	4332000	Gln169Arg	c.506A>G	D	0.031	0.26	0.119	absent		3
GRCh38:17:43076543:A:G	4215092	4332004	Phe1477Leu	c.4429T>C	D	0.183	0.07	0	absent		3
GRCh38:17:43094814:A:T	4215095	4332007	His239Gln	c.717T>A	D	0.039	0.11	0.803	absent		3
GRCh38:17:43104162:G:A	4215057	4335913	Ala134Val	c.401C>T	D	0.036	0.27	0.64	absent		3
GRCh38:17:43104241:C:G	4533104	4644583	Ala108Pro	c.322G>C	D	0.018	0.08	0.37	absent		3
GRCh38:17:43099848:G:T	4625227	4736336	Asn158Lys	c.474C>A	D	0.055	0.04	0.283	absent		3
GRCh38:17:43076542:A:T	4625434	4736543	Phe1477Tyr	c.4430T>A	D	0.028	0.06	0.095	absent		3
GRCh38:17:43091698:T:C	4625448	4736557	Lys1278Arg	c.3833A>G	D	0.034	0.12	0.119	absent		3
GRCh38:17:43082422:G:C	4625516	4736625	Gln1447Glu	c.4339C>G	D	0.287	0.05	0	absent		3
GRCh38:17:43082533:C:T	4686566	4798029	Glu1410Lys	c.4228G>A	D	0.12	0.02	0.001	absent		3
GRCh38:17:43094428:T:C	4686574	4798037	Glu368Gly	c.1103A>G	D	0.021	0.01	0.358	absent		3
GRCh38:17:43104123:A:G	4725926	4841769	Leu147Ser	c.440T>C	D	0.148	0.01	0.077	absent		3
GRCh38:17:43076548:T:A	4756458	4867796	Asp1475Val	c.4424A>T	D	0.066	0	0.057	absent		3
GRCh38:17:43094656:A:G	4756463	4867801	Leu292Pro	c.875T>C	D	0.061	0.1	0.543	absent		3
GRCh38:17:43093725:A:C	4758076	4869409	Asn602Lys	c.1806T>G	D	0.286	0.07	0.098	absent		3
GRCh38:17:43082427:G:A	4800830	4919280	Pro1445Leu	c.4334C>T	D	0.232	0.2	0	absent		3
GRCh38:17:43091500:T:A	4800831	4919281	Asp1344Val	c.4031A>T	D	0.054	0	0.263	absent		3
GRCh38:17:43092167:T:C	4800838	4919288	Thr1122Ala	c.3364A>G	D	0.156	1	0	absent		3
GRCh38:17:43094364:A:C	4800862	4919312	Ser389Arg	c.1167T>G	D	0.065	0.14	0.687	absent		3
GRCh38:17:43094721:A:T	4800863	4919313	His270Gln	c.810T>A	D	0.237	0.09	0.793	absent		3
GRCh38:17:43104205:C:G	4800872	4919322	Asp120His	c.358G>C	D	0.266	0	0.194	absent		3
GRCh38:17:43076594:T:G	4824189	4938609	Ser1460Arg	c.4378A>C	D	0.185	0.04	0.01	absent		3
GRCh38:17:43094359:T:C	4824191	4938611	Glu391Gly	c.1172A>G	D	0.067	0.02	0.239	absent		3
GRCh38:17:43091782:T:G	4842652	4953942	Glu1250Ala	c.3749A>C	D	0.055	0	0.015	absent		3
GRCh38:17:43091576:C:G	4842654	4953944	Gly1319Arg	c.3955G>C	D	0.036	0.36	0	absent		3
GRCh38:17:43082479:T:C	4867691	4974652	Ser1428Gly	c.4282A>G	D	0.192	0.33	0.04	absent		3
GRCh38:17:43091011:T:C	4867703	4974664	Glu1373Gly	c.4118A>G	D	0.017	0	0.074	absent		3
GRCh38:17:43082455:A:C	4867705	4974665	Ser1436Ala	c.4306T>G	D	0.232	0.18	0.001	absent		3
GRCh38:17:43082454:G:T	4867706	4974666	Ser1436Tyr	c.4307C>A	D	0.25	0.01	0.262	absent		3
GRCh38:17:43104144:C:A	4867739	4974699	Ser140Ile	c.419G>T	D	0.034	0.27	0.019	absent		3
GRCh38:17:43091622:C:G	4867750	4974710	Leu1303Phe	c.3909G>C	D	0.018	0.08	0.171	absent		3
