variant_key	protein_change	computational_call	conflict_type	revel	dace_mean_score	domain
GRCh38:17:43082542:G:C	Leu1407Val	tolerance	tolerance vs non-functional (<-1.0)	0.065	-2.065589798401845	central
GRCh38:17:43090957:A:G	Ile1391Thr	impact	impact vs WT-like (>0)	0.697	0.0096157578236146	central
GRCh38:17:43082541:A:G	Leu1407Pro	tolerance	tolerance vs non-functional (<-1.0)	0.185	-2.1800871585464803	central
GRCh38:17:43104166:G:T	Arg133Ser	impact	impact vs WT-like (>0)	0.701	0.019348919039240534	central
GRCh38:17:43082568:T:C	Asp1398Gly	tolerance	tolerance vs non-functional (<-1.0)	0.104	-1.2938887225807099	central
GRCh38:17:43082556:T:G	His1402Pro	tolerance	tolerance vs non-functional (<-1.0)	0.092	-2.3253086449051397	central
GRCh38:17:43082508:A:G	Leu1418Ser	tolerance	tolerance vs non-functional (<-1.0)	0.241	-2.5212377043808223	central
GRCh38:17:43082520:A:C	Leu1414Arg	tolerance	tolerance vs non-functional (<-1.0)	0.283	-4.43296524161189	central
GRCh38:17:43082507:T:A	Leu1418Phe	tolerance	tolerance vs non-functional (<-1.0)	0.287	-1.9180437318503174	central
GRCh38:17:43082541:A:C	Leu1407Arg	tolerance	tolerance vs non-functional (<-1.0)	0.172	-3.5550685916575153	central
GRCh38:17:43104177:C:A	Gly129Val	impact	impact vs WT-like (>0)	0.738	0.038077740394312096	central
GRCh38:17:43082538:T:G	Gln1408Pro	tolerance	tolerance vs non-functional (<-1.0)	0.049	-3.37218307036349	central
GRCh38:17:43104172:T:C	Arg131Gly	impact	impact vs WT-like (>0)	0.77	0.07969826724921625	central
GRCh38:17:43082527:C:G	Ala1412Pro	tolerance	tolerance vs non-functional (<-1.0)	0.15	-2.83330532512154	central
GRCh38:17:43082461:T:C	Ser1434Gly	tolerance	tolerance vs non-functional (<-1.0)	0.226	-1.0919876124828551	central
GRCh38:17:43090944:C:A	Gln1395His	tolerance	tolerance vs non-functional (<-1.0)	0.112	-1.868228412007945	central
GRCh38:17:43082535:T:G	Gln1409Pro	tolerance	tolerance vs non-functional (<-1.0)	0.213	-3.16234847739284	central
GRCh38:17:43094398:C:G	Ser378Thr	impact	impact vs WT-like (>0)	0.837	0.006601457556715498	central
GRCh38:17:43094767:T:C	Glu255Gly	impact	impact vs WT-like (>0)	0.75	0.0231503089514239	central
GRCh38:17:43094381:C:G	Glu384Gln	impact	impact vs WT-like (>0)	0.804	0.13691945929748725	central
GRCh38:17:43104243:A:G	Phe107Ser	impact	impact vs WT-like (>0)	0.761	0.0939856120853315	central
GRCh38:17:43092960:C:G	Leu857Phe	impact	impact vs WT-like (>0)	0.724	0.030399692561839	central
GRCh38:17:43104166:G:C	Arg133Gly	impact	impact vs WT-like (>0)	0.737	0.03527163654950555	central
GRCh38:17:43094398:C:T	Ser378Asn	impact	impact vs WT-like (>0)	0.797	0.0053498710029210444	central
GRCh38:17:43092914:A:G	Ser873Pro	impact	impact vs WT-like (>0)	0.657	0.020381357753118935	central
GRCh38:17:43092974:C:G	Asp853His	impact	impact vs WT-like (>0)	0.792	0.009436285802355004	central
GRCh38:17:43092972:A:T	Asp853Glu	impact	impact vs WT-like (>0)	0.737	0.06827723827033085	central
GRCh38:17:43082551:G:T	Leu1404Met	tolerance	tolerance vs non-functional (<-1.0)	0.156	-1.276556522832965	central
GRCh38:17:43104900:A:G	Ile90Thr	impact	impact vs WT-like (>0)	0.713	0.0569082533560138	ring_brct
GRCh38:17:43106468:T:A	Asp67Val	impact	impact vs WT-like (>0)	0.652	0.141412315907018	ring_brct
GRCh38:17:43124035:A:C	Ile21Ser	impact	impact vs WT-like (>0)	0.668	0.2023744142360539	ring_brct
GRCh38:17:43057110:A:G	Val1740Ala	impact	impact vs WT-like (>0)	0.648	0.0796598527324661	ring_brct
GRCh38:17:43063370:A:G	Val1719Ala	impact	impact vs WT-like (>0)	0.816	0.3747867957781279	ring_brct
GRCh38:17:43047691:T:A	Ile1807Phe	tolerance	tolerance vs non-functional (<-1.0)	0.217	-1.12507013556553	ring_brct
GRCh38:17:43045751:T:G	Asp1840Ala	impact	impact vs WT-like (>0)	0.835	0.0408873762011184	ring_brct
GRCh38:17:43124041:T:C	Gln19Arg	impact	impact vs WT-like (>0)	0.736	0.0502988982912768	ring_brct
GRCh38:17:43045721:A:G	Leu1850Pro	impact	impact vs WT-like (>0)	0.746	0.106617167469741	ring_brct
GRCh38:17:43051107:C:G	Gly1763Ala	impact	impact vs WT-like (>0)	0.722	0.6362917429080122	ring_brct
GRCh38:17:43063334:T:C	Glu1731Gly	impact	impact vs WT-like (>0)	0.769	0.0652273024678645	ring_brct
GRCh38:17:43063361:G:C	Ser1722Cys	impact	impact vs WT-like (>0)	0.645	0.197527537137091	ring_brct
GRCh38:17:43063898:C:G	Gly1710Arg	impact	impact vs WT-like (>0)	0.668	0.3834514875001129	ring_brct
GRCh38:17:43063900:C:G	Gly1709Ala	impact	impact vs WT-like (>0)	0.703	0.116068252212263	ring_brct
GRCh38:17:43067674:T:C	Arg1670Gly	impact	impact vs WT-like (>0)	0.687	0.217765798580629	ring_brct
GRCh38:17:43104881:G:T	Asp96Glu	tolerance	tolerance vs non-functional (<-1.0)	0.102	-3.8443814269126295	ring_brct
GRCh38:17:43104888:T:G	Gln94Pro	tolerance	tolerance vs non-functional (<-1.0)	0.115	-1.2029044729423	ring_brct
GRCh38:17:43104909:A:G	Leu87Ser	impact	impact vs WT-like (>0)	0.665	0.0036569972417714	ring_brct
GRCh38:17:43104916:C:G	Glu85Gln	impact	impact vs WT-like (>0)	0.65	0.5965181635971739	ring_brct
GRCh38:17:43104918:T:C	Glu84Gly	impact	impact vs WT-like (>0)	0.743	0.0977008263695057	ring_brct
GRCh38:17:43104932:A:T	Phe79Leu	impact	impact vs WT-like (>0)	0.75	0.0545034602353462	ring_brct
GRCh38:17:43104943:T:C	Ser76Gly	impact	impact vs WT-like (>0)	0.734	0.844991185551513	ring_brct
GRCh38:17:43106464:T:C	Ile68Met	impact	impact vs WT-like (>0)	0.646	0.122549115399585	ring_brct
