variant_key	VariationID	AlleleID	cDNA_change	protein_change	exon	domain	stratum	REVEL	SIFT	PolyPhen	gnomAD_status	gnomAD_AF	Findlay_score
GRCh38:17:43124092:T:C	868684	855022	c.5A>G	Asp2Gly	2-5	RING	A	0.654	0	0.995	absent		-1.01782797782734
GRCh38:17:43115775:C:T	868122	854860	c.85G>A	Glu29Lys	2-5	RING	A	0.713	0	0.881	absent		-0.645511679301639
GRCh38:17:43106522:A:G	867886	854741	c.146T>C	Leu49Pro	2-5	RING	A	0.741	0	0.973	present	0	-1.62451858428158
GRCh38:17:43104933:A:C	867368	854556	c.236T>G	Phe79Cys	2-5	RING	A	0.801	0	0.852	absent		-0.194974239294707
GRCh38:17:43070980:C:A	55320	69987	c.4934G>T	Arg1645Met	15-23	BRCT	A	0.644	0.02	0.011	absent		-0.7774597332426679
GRCh38:17:43063928:T:G	531317	531056	c.5098A>C	Thr1700Pro	15-23	BRCT	A	0.84	0	0.988	absent		-2.27997885783161
GRCh38:17:43063340:A:G	825518	813661	c.5186T>C	Leu1729Pro	15-23	BRCT	A	0.824	0	0.958	absent		-1.25811813513376
GRCh38:17:43051108:C:G	234183	235933	c.5287G>C	Gly1763Arg	15-23	BRCT	A	0.652	0	0.282	absent		-0.664336514868902
GRCh38:17:43049152:A:T	868389	853469	c.5375T>A	Val1792Glu	15-23	BRCT	A	0.82	0	0.775	absent		-1.0339054301172
GRCh38:17:43045706:A:T	868679	853073	c.5564T>A	Ile1855Lys	15-23	BRCT	A	0.687	0	0.028	absent		-0.863843894941789
GRCh38:17:43124041:T:C	864052	845478	c.56A>G	Gln19Arg	2-5	RING	B	0.736	0	0.455	absent		0.0502988982912768
GRCh38:17:43106468:T:A	409307	402154	c.200A>T	Asp67Val	2-5	RING	B	0.652	0	0.156	present	0	0.141412315907018
GRCh38:17:43104943:T:C	867985	854579	c.226A>G	Ser76Gly	2-5	RING	B	0.734	0.01	0.881	absent		0.844991185551513
GRCh38:17:43104918:T:C	868310	854521	c.251A>G	Glu84Gly	2-5	RING	B	0.743	0	0.638	present	6.841667396444522e-07	0.0977008263695057
GRCh38:17:43104909:A:G	865611	854501	c.260T>C	Leu87Ser	2-5	RING	B	0.665	0.02	0.64	absent		0.0036569972417714
GRCh38:17:43063900:C:G	868687	853935	c.5126G>C	Gly1709Ala	15-23	BRCT	B	0.703	0	0.618	absent		0.116068252212263
GRCh38:17:43063370:A:G	652310	645925	c.5156T>C	Val1719Ala	15-23	BRCT	B	0.816	0	0.844	absent		0.3747867957781279
GRCh38:17:43063334:T:C	867786	853810	c.5192A>G	Glu1731Gly	15-23	BRCT	B	0.769	0.01	0.301	absent		0.0652273024678645
GRCh38:17:43051107:C:G	868287	853630	c.5288G>C	Gly1763Ala	15-23	BRCT	B	0.722	0	0.045	absent		0.6362917429080122
GRCh38:17:43045721:A:G	867653	853103	c.5549T>C	Leu1850Pro	15-23	BRCT	B	0.746	0	0.988	absent		0.106617167469741
GRCh38:17:43104888:T:G	865628	854454	c.281A>C	Gln94Pro	2-5	RING	C	0.115	0	0.044	absent		-1.2029044729423
GRCh38:17:43104881:G:T	868828	854437	c.288C>A	Asp96Glu	2-5	RING	C	0.102	0	0.095	absent		-3.8443814269126295
GRCh38:17:43104877:C:G	54724	69391	c.292G>C	Gly98Arg	2-5	RING	C	0.236	0	0.92	absent		-0.3784714866047879
GRCh38:17:43047691:T:A	825717	813645	c.5419A>T	Ile1807Phe	15-23	BRCT	C	0.217	0	0.129	absent		-1.12507013556553
GRCh38:17:43047672:T:A	489733	482925	c.5438A>T	Asp1813Val	15-23	BRCT	C	0.262	0	0.006	absent		-0.1805607161148019
GRCh38:17:43047673:C:G	867389	853340	c.5437G>C	Asp1813His	15-23	BRCT	C	0.281	0	0.766	absent		-0.981230415384132
GRCh38:17:43047653:A:T	868911	853296	c.5457T>A	Asn1819Lys	15-23	BRCT	C	0.191	0.02	0.01	absent		-0.231764896321833
GRCh38:17:43047655:T:A	868511	853299	c.5455A>T	Asn1819Tyr	15-23	BRCT	C	0.146	0.01	0	absent		-0.449637787239626
GRCh38:17:43047646:G:A	868519	853275	c.5464C>T	His1822Tyr	15-23	BRCT	C	0.287	0.06	0.387	absent		-0.2424249649628339
GRCh38:17:43067649:T:C	865556	854109	c.5033A>G	Asn1678Ser	15-23	BRCT	D	0.259	0.03	0.007	present	6.843287351004526e-07	0.2029688968670079
GRCh38:17:43047691:T:G	868476	853372	c.5419A>C	Ile1807Leu	15-23	BRCT	D	0.168	0.01	0.009	absent		0.177009280841274
GRCh38:17:43124089:A:G	869066	855014	c.8T>C	Leu3Ser	2-5	RING	E	0.548	0.11	0.532	present	6.845807764241333e-07	-0.0664564027844771
GRCh38:17:43115747:T:C	865132	854801	c.113A>G	Lys38Arg	2-5	RING	E	0.55	0.05	0.875	present	6.842556871911441e-07	-0.187628556558442
GRCh38:17:43104914:C:G	868809	854510	c.255G>C	Glu85Asp	2-5	RING	E	0.552	0.09	0.722	absent		-0.772470137838265
GRCh38:17:43070969:T:C	868440	854294	c.4945A>G	Arg1649Gly	15-23	BRCT	E	0.596	0.19	0.866	present	1.368095733867073e-06	0.5222316512188301
GRCh38:17:43067650:T:C	865553	854112	c.5032A>G	Asn1678Asp	15-23	BRCT	E	0.398	0.43	0.2	absent		0.519645257077495
GRCh38:17:43063914:A:C	867662	853958	c.5112T>G	Phe1704Leu	15-23	BRCT	E	0.607	0	0.007	absent		-1.85217401205403
GRCh38:17:43057135:G:T	867500	853806	c.5194C>A	His1732Asn	15-23	BRCT	E	0.5	0.07	0.176	absent		-0.5866640054502329
GRCh38:17:43051066:T:A	252402	246809	c.5329A>T	Thr1777Ser	15-23	BRCT	E	0.598	0.01	0.915	absent		-0.0170110028106307
GRCh38:17:43047673:C:A	479266	478553	c.5437G>T	Asp1813Tyr	15-23	BRCT	E	0.335	0	0.795	absent		-1.31630485647323
GRCh38:17:43045707:T:C	868677	853075	c.5563A>G	Ile1855Val	15-23	BRCT	E	0.435	0.88	0	absent		0.0462776303387803
