variant_key	protein_change	stratum	gnomAD_evidence	computational_evidence	Findlay_evidence	other_functional_evidence	clinical_case_evidence	segregation_evidence	expert_curation	ClinVar_current_status	literature_count	evidence_conflict	evidence_quality	evidence_summary
GRCh38:17:43124092:T:C	Asp2Gly	A	absent	impact	LOF	none identified	not assessed	not assessed	criteria provided, single submitter	Uncertain significance	0	no	MODERATE	evidence predominantly supports functional impact
GRCh38:17:43115775:C:T	Glu29Lys	A	absent	impact	LOF	none identified	not assessed	not assessed	criteria provided, single submitter	Uncertain significance	5	no	MODERATE	evidence predominantly supports functional impact
GRCh38:17:43106522:A:G	Leu49Pro	A	present	impact	LOF	none identified	not assessed	not assessed	criteria provided, single submitter	Uncertain significance	5	no	MODERATE	evidence predominantly supports functional impact
GRCh38:17:43104933:A:C	Phe79Cys	A	absent	impact	LOF	none identified	not assessed	not assessed	criteria provided, single submitter	Uncertain significance	10	no	MODERATE	evidence predominantly supports functional impact
GRCh38:17:43070980:C:A	Arg1645Met	A	absent	impact	LOF	none identified	not assessed	not assessed	criteria provided, multiple submitters, no conflicts	Uncertain significance	10	no	MODERATE	evidence predominantly supports functional impact
GRCh38:17:43063928:T:G	Thr1700Pro	A	absent	impact	LOF	none identified	not assessed	not assessed	criteria provided, multiple submitters, no conflicts	Uncertain significance	10	no	MODERATE	evidence predominantly supports functional impact
GRCh38:17:43063340:A:G	Leu1729Pro	A	absent	impact	LOF	none identified	not assessed	not assessed	criteria provided, single submitter	Uncertain significance	10	no	MODERATE	evidence predominantly supports functional impact
GRCh38:17:43051108:C:G	Gly1763Arg	A	absent	impact	LOF	none identified	not assessed	not assessed	criteria provided, multiple submitters, no conflicts	Uncertain significance	10	no	MODERATE	evidence predominantly supports functional impact
GRCh38:17:43049152:A:T	Val1792Glu	A	absent	impact	LOF	none identified	not assessed	not assessed	criteria provided, single submitter	Uncertain significance	10	no	MODERATE	evidence predominantly supports functional impact
GRCh38:17:43045706:A:T	Ile1855Lys	A	absent	impact	LOF	none identified	not assessed	not assessed	criteria provided, single submitter	Uncertain significance	10	no	MODERATE	evidence predominantly supports functional impact
GRCh38:17:43124041:T:C	Gln19Arg	B	absent	impact	normal	none identified	not assessed	not assessed	criteria provided, single submitter	Uncertain significance	5	yes	MODERATE	conflicting evidence (computational vs functional)
GRCh38:17:43106468:T:A	Asp67Val	B	present	impact	normal	none identified	not assessed	not assessed	criteria provided, multiple submitters, no conflicts	Uncertain significance	5	yes	MODERATE	conflicting evidence (computational vs functional)
GRCh38:17:43104943:T:C	Ser76Gly	B	absent	impact	normal	none identified	not assessed	not assessed	criteria provided, single submitter	Uncertain significance	10	yes	MODERATE	conflicting evidence (computational vs functional)
GRCh38:17:43104918:T:C	Glu84Gly	B	present	impact	normal	none identified	not assessed	not assessed	criteria provided, single submitter	Uncertain significance	0	yes	MODERATE	conflicting evidence (computational vs functional)
GRCh38:17:43104909:A:G	Leu87Ser	B	absent	impact	normal	none identified	not assessed	not assessed	criteria provided, single submitter	Uncertain significance	5	yes	MODERATE	conflicting evidence (computational vs functional)
GRCh38:17:43063900:C:G	Gly1709Ala	B	absent	impact	normal	none identified	not assessed	not assessed	criteria provided, single submitter	Uncertain significance	10	yes	MODERATE	conflicting evidence (computational vs functional)
GRCh38:17:43063370:A:G	Val1719Ala	B	absent	impact	normal	none identified	not assessed	not assessed	criteria provided, multiple submitters, no conflicts	Uncertain significance	10	yes	MODERATE	conflicting evidence (computational vs functional)
GRCh38:17:43063334:T:C	Glu1731Gly	B	absent	impact	normal	none identified	not assessed	not assessed	criteria provided, single submitter	Uncertain significance	10	yes	MODERATE	conflicting evidence (computational vs functional)
GRCh38:17:43051107:C:G	Gly1763Ala	B	absent	impact	normal	none identified	not assessed	not assessed	criteria provided, multiple submitters, no conflicts	Uncertain significance	10	yes	MODERATE	conflicting evidence (computational vs functional)
GRCh38:17:43045721:A:G	Leu1850Pro	B	absent	impact	normal	none identified	not assessed	not assessed	criteria provided, multiple submitters, no conflicts	Uncertain significance	10	yes	MODERATE	conflicting evidence (computational vs functional)
GRCh38:17:43104888:T:G	Gln94Pro	C	absent	tolerance	LOF	none identified	not assessed	not assessed	criteria provided, single submitter	Uncertain significance	2	yes	MODERATE	conflicting evidence (computational vs functional)
GRCh38:17:43104881:G:T	Asp96Glu	C	absent	tolerance	LOF	none identified	not assessed	not assessed	criteria provided, single submitter	Uncertain significance	0	yes	MODERATE	conflicting evidence (computational vs functional)
GRCh38:17:43104877:C:G	Gly98Arg	C	absent	tolerance	LOF	none identified	not assessed	not assessed	no assertion criteria provided	Uncertain significance	0	yes	MODERATE	conflicting evidence (computational vs functional)
GRCh38:17:43047691:T:A	Ile1807Phe	C	absent	tolerance	LOF	none identified	not assessed	not assessed	criteria provided, multiple submitters, no conflicts	Uncertain significance	10	yes	MODERATE	conflicting evidence (computational vs functional)
GRCh38:17:43047672:T:A	Asp1813Val	C	absent	tolerance	LOF	none identified	not assessed	not assessed	criteria provided, multiple submitters, no conflicts	Uncertain significance	10	yes	MODERATE	conflicting evidence (computational vs functional)
GRCh38:17:43047673:C:G	Asp1813His	C	absent	tolerance	LOF	none identified	not assessed	not assessed	criteria provided, multiple submitters, no conflicts	Uncertain significance	10	yes	MODERATE	conflicting evidence (computational vs functional)
GRCh38:17:43047653:A:T	Asn1819Lys	C	absent	tolerance	LOF	none identified	not assessed	not assessed	criteria provided, multiple submitters, no conflicts	Uncertain significance	10	yes	MODERATE	conflicting evidence (computational vs functional)
GRCh38:17:43047655:T:A	Asn1819Tyr	C	absent	tolerance	LOF	none identified	not assessed	not assessed	criteria provided, single submitter	Uncertain significance	10	yes	MODERATE	conflicting evidence (computational vs functional)
GRCh38:17:43047646:G:A	His1822Tyr	C	absent	tolerance	LOF	none identified	not assessed	not assessed	criteria provided, single submitter	Uncertain significance	10	yes	MODERATE	conflicting evidence (computational vs functional)
GRCh38:17:43067649:T:C	Asn1678Ser	D	present	tolerance	normal	none identified	not assessed	not assessed	criteria provided, single submitter	Uncertain significance	10	no	MODERATE	evidence predominantly supports functional tolerance
GRCh38:17:43047691:T:G	Ile1807Leu	D	absent	tolerance	normal	none identified	not assessed	not assessed	criteria provided, multiple submitters, no conflicts	Uncertain significance	10	no	MODERATE	evidence predominantly supports functional tolerance
GRCh38:17:43124089:A:G	Leu3Ser	E	present	intermediate	LOF	none identified	not assessed	not assessed	criteria provided, single submitter	Uncertain significance	5	no	MODERATE	intermediate/insufficient evidence
GRCh38:17:43115747:T:C	Lys38Arg	E	present	intermediate	LOF	none identified	not assessed	not assessed	criteria provided, multiple submitters, no conflicts	Uncertain significance	10	no	MODERATE	intermediate/insufficient evidence
GRCh38:17:43104914:C:G	Glu85Asp	E	absent	intermediate	LOF	none identified	not assessed	not assessed	criteria provided, multiple submitters, no conflicts	Uncertain significance	0	no	MODERATE	intermediate/insufficient evidence
GRCh38:17:43070969:T:C	Arg1649Gly	E	present	intermediate	normal	none identified	not assessed	not assessed	criteria provided, single submitter	Uncertain significance	10	no	MODERATE	intermediate/insufficient evidence
GRCh38:17:43067650:T:C	Asn1678Asp	E	absent	intermediate	normal	none identified	not assessed	not assessed	criteria provided, single submitter	Uncertain significance	10	no	MODERATE	intermediate/insufficient evidence
GRCh38:17:43063914:A:C	Phe1704Leu	E	absent	intermediate	LOF	none identified	not assessed	not assessed	criteria provided, multiple submitters, no conflicts	Uncertain significance	10	no	MODERATE	intermediate/insufficient evidence
GRCh38:17:43057135:G:T	His1732Asn	E	absent	intermediate	LOF	none identified	not assessed	not assessed	criteria provided, single submitter	Uncertain significance	10	no	MODERATE	intermediate/insufficient evidence
GRCh38:17:43051066:T:A	Thr1777Ser	E	absent	intermediate	LOF	none identified	not assessed	not assessed	criteria provided, single submitter	Uncertain significance	10	no	MODERATE	intermediate/insufficient evidence
GRCh38:17:43047673:C:A	Asp1813Tyr	E	absent	intermediate	LOF	none identified	not assessed	not assessed	criteria provided, single submitter	Uncertain significance	10	no	MODERATE	intermediate/insufficient evidence
GRCh38:17:43045707:T:C	Ile1855Val	E	absent	intermediate	normal	none identified	not assessed	not assessed	criteria provided, multiple submitters, no conflicts	Uncertain significance	10	no	MODERATE	intermediate/insufficient evidence
