variant_key	database	query	date	results_count	records_screened	records_relevant	notes
GRCh38:17:43124092:T:C	PubMed	BRCA1 Asp2Gly	2026-08-19	0	0	0	
GRCh38:17:43124092:T:C	PubMed	BRCA1 c.5A>G	2026-08-19	0	0	0	
GRCh38:17:43115775:C:T	PubMed	BRCA1 Glu29Lys	2026-08-19	5	5	5	
GRCh38:17:43115775:C:T	PubMed	BRCA1 c.85G>A	2026-08-19	0	0	0	
GRCh38:17:43106522:A:G	PubMed	BRCA1 Leu49Pro	2026-08-19	0	0	0	
GRCh38:17:43106522:A:G	PubMed	BRCA1 c.146T>C	2026-08-19	5	5	5	
GRCh38:17:43104933:A:C	PubMed	BRCA1 Phe79Cys	2026-08-19	5	5	5	
GRCh38:17:43104933:A:C	PubMed	BRCA1 c.236T>G	2026-08-19	5	5	5	
GRCh38:17:43070980:C:A	PubMed	BRCA1 Arg1645Met	2026-08-19	5	5	5	
GRCh38:17:43070980:C:A	PubMed	BRCA1 c.4934G>T	2026-08-19	5	5	5	
GRCh38:17:43063928:T:G	PubMed	BRCA1 Thr1700Pro	2026-08-19	5	5	5	
GRCh38:17:43063928:T:G	PubMed	BRCA1 c.5098A>C	2026-08-19	5	5	5	
GRCh38:17:43063340:A:G	PubMed	BRCA1 Leu1729Pro	2026-08-19	5	5	5	
GRCh38:17:43063340:A:G	PubMed	BRCA1 c.5186T>C	2026-08-19	5	5	5	
GRCh38:17:43051108:C:G	PubMed	BRCA1 Gly1763Arg	2026-08-19	5	5	5	
GRCh38:17:43051108:C:G	PubMed	BRCA1 c.5287G>C	2026-08-19	5	5	5	
GRCh38:17:43049152:A:T	PubMed	BRCA1 Val1792Glu	2026-08-19	5	5	5	
GRCh38:17:43049152:A:T	PubMed	BRCA1 c.5375T>A	2026-08-19	5	5	5	
GRCh38:17:43045706:A:T	PubMed	BRCA1 Ile1855Lys	2026-08-19	5	5	5	
GRCh38:17:43045706:A:T	PubMed	BRCA1 c.5564T>A	2026-08-19	5	5	5	
GRCh38:17:43124041:T:C	PubMed	BRCA1 Gln19Arg	2026-08-19	0	0	0	
GRCh38:17:43124041:T:C	PubMed	BRCA1 c.56A>G	2026-08-19	5	5	5	
GRCh38:17:43106468:T:A	PubMed	BRCA1 Asp67Val	2026-08-19	0	0	0	
GRCh38:17:43106468:T:A	PubMed	BRCA1 c.200A>T	2026-08-19	5	5	5	
GRCh38:17:43104943:T:C	PubMed	BRCA1 Ser76Gly	2026-08-19	5	5	5	
GRCh38:17:43104943:T:C	PubMed	BRCA1 c.226A>G	2026-08-19	5	5	5	
GRCh38:17:43104918:T:C	PubMed	BRCA1 Glu84Gly	2026-08-19	0	0	0	
GRCh38:17:43104918:T:C	PubMed	BRCA1 c.251A>G	2026-08-19	0	0	0	
GRCh38:17:43104909:A:G	PubMed	BRCA1 Leu87Ser	2026-08-19	5	5	5	
GRCh38:17:43104909:A:G	PubMed	BRCA1 c.260T>C	2026-08-19	0	0	0	
GRCh38:17:43063900:C:G	PubMed	BRCA1 Gly1709Ala	2026-08-19	5	5	5	
GRCh38:17:43063900:C:G	PubMed	BRCA1 c.5126G>C	2026-08-19	5	5	5	
GRCh38:17:43063370:A:G	PubMed	BRCA1 Val1719Ala	2026-08-19	5	5	5	
GRCh38:17:43063370:A:G	PubMed	BRCA1 c.5156T>C	2026-08-19	5	5	5	
GRCh38:17:43063334:T:C	PubMed	BRCA1 Glu1731Gly	2026-08-19	5	5	5	
GRCh38:17:43063334:T:C	PubMed	BRCA1 c.5192A>G	2026-08-19	5	5	5	
GRCh38:17:43051107:C:G	PubMed	BRCA1 Gly1763Ala	2026-08-19	5	5	5	
GRCh38:17:43051107:C:G	PubMed	BRCA1 c.5288G>C	2026-08-19	5	5	5	
GRCh38:17:43045721:A:G	PubMed	BRCA1 Leu1850Pro	2026-08-19	5	5	5	
GRCh38:17:43045721:A:G	PubMed	BRCA1 c.5549T>C	2026-08-19	5	5	5	
GRCh38:17:43104888:T:G	PubMed	BRCA1 Gln94Pro	2026-08-19	0	0	0	
GRCh38:17:43104888:T:G	PubMed	BRCA1 c.281A>C	2026-08-19	2	2	2	
GRCh38:17:43104881:G:T	PubMed	BRCA1 Asp96Glu	2026-08-19	0	0	0	
GRCh38:17:43104881:G:T	PubMed	BRCA1 c.288C>A	2026-08-19	0	0	0	
GRCh38:17:43104877:C:G	PubMed	BRCA1 Gly98Arg	2026-08-19	0	0	0	
GRCh38:17:43104877:C:G	PubMed	BRCA1 c.292G>C	2026-08-19	0	0	0	
GRCh38:17:43047691:T:A	PubMed	BRCA1 Ile1807Phe	2026-08-19	5	5	5	
GRCh38:17:43047691:T:A	PubMed	BRCA1 c.5419A>T	2026-08-19	5	5	5	
GRCh38:17:43047672:T:A	PubMed	BRCA1 Asp1813Val	2026-08-19	5	5	5	
GRCh38:17:43047672:T:A	PubMed	BRCA1 c.5438A>T	2026-08-19	5	5	5	
GRCh38:17:43047673:C:G	PubMed	BRCA1 Asp1813His	2026-08-19	5	5	5	
GRCh38:17:43047673:C:G	PubMed	BRCA1 c.5437G>C	2026-08-19	5	5	5	
GRCh38:17:43047653:A:T	PubMed	BRCA1 Asn1819Lys	2026-08-19	5	5	5	
GRCh38:17:43047653:A:T	PubMed	BRCA1 c.5457T>A	2026-08-19	5	5	5	
GRCh38:17:43047655:T:A	PubMed	BRCA1 Asn1819Tyr	2026-08-19	5	5	5	
GRCh38:17:43047655:T:A	PubMed	BRCA1 c.5455A>T	2026-08-19	5	5	5	
GRCh38:17:43047646:G:A	PubMed	BRCA1 His1822Tyr	2026-08-19	5	5	5	
GRCh38:17:43047646:G:A	PubMed	BRCA1 c.5464C>T	2026-08-19	5	5	5	
GRCh38:17:43067649:T:C	PubMed	BRCA1 Asn1678Ser	2026-08-19	5	5	5	
GRCh38:17:43067649:T:C	PubMed	BRCA1 c.5033A>G	2026-08-19	5	5	5	
GRCh38:17:43047691:T:G	PubMed	BRCA1 Ile1807Leu	2026-08-19	5	5	5	
GRCh38:17:43047691:T:G	PubMed	BRCA1 c.5419A>C	2026-08-19	5	5	5	
GRCh38:17:43124089:A:G	PubMed	BRCA1 Leu3Ser	2026-08-19	5	5	5	
GRCh38:17:43124089:A:G	PubMed	BRCA1 c.8T>C	2026-08-19	0	0	0	
GRCh38:17:43115747:T:C	PubMed	BRCA1 Lys38Arg	2026-08-19	5	5	5	
GRCh38:17:43115747:T:C	PubMed	BRCA1 c.113A>G	2026-08-19	5	5	5	
GRCh38:17:43104914:C:G	PubMed	BRCA1 Glu85Asp	2026-08-19	0	0	0	
GRCh38:17:43104914:C:G	PubMed	BRCA1 c.255G>C	2026-08-19	0	0	0	
GRCh38:17:43070969:T:C	PubMed	BRCA1 Arg1649Gly	2026-08-19	5	5	5	
GRCh38:17:43070969:T:C	PubMed	BRCA1 c.4945A>G	2026-08-19	5	5	5	
GRCh38:17:43067650:T:C	PubMed	BRCA1 Asn1678Asp	2026-08-19	5	5	5	
GRCh38:17:43067650:T:C	PubMed	BRCA1 c.5032A>G	2026-08-19	5	5	5	
GRCh38:17:43063914:A:C	PubMed	BRCA1 Phe1704Leu	2026-08-19	5	5	5	
GRCh38:17:43063914:A:C	PubMed	BRCA1 c.5112T>G	2026-08-19	5	5	5	
GRCh38:17:43057135:G:T	PubMed	BRCA1 His1732Asn	2026-08-19	5	5	5	
GRCh38:17:43057135:G:T	PubMed	BRCA1 c.5194C>A	2026-08-19	5	5	5	
GRCh38:17:43051066:T:A	PubMed	BRCA1 Thr1777Ser	2026-08-19	5	5	5	
GRCh38:17:43051066:T:A	PubMed	BRCA1 c.5329A>T	2026-08-19	5	5	5	
GRCh38:17:43047673:C:A	PubMed	BRCA1 Asp1813Tyr	2026-08-19	5	5	5	
GRCh38:17:43047673:C:A	PubMed	BRCA1 c.5437G>T	2026-08-19	5	5	5	
GRCh38:17:43045707:T:C	PubMed	BRCA1 Ile1855Val	2026-08-19	5	5	5	
GRCh38:17:43045707:T:C	PubMed	BRCA1 c.5563A>G	2026-08-19	5	5	5	
