category	variant_key	VariationID	protein_change	REVEL	Findlay_score
damaging_supported	GRCh38:17:43070962:G:A	55330	Ser1651Phe	0.794	-0.6317969139302211
damaging_supported	GRCh38:17:43049164:C:T	55551	Gly1788Asp	0.862	-0.693108211684985
damaging_supported	GRCh38:17:43124024:G:T	55684	Pro25Thr	0.818	-0.194290415479458
damaging_contradicted	GRCh38:17:43106468:T:A	409307	Asp67Val	0.652	0.141412315907018
damaging_contradicted	GRCh38:17:43063898:C:G	868692	Gly1710Arg	0.668	0.3834514875001129
damaging_contradicted	GRCh38:17:43104918:T:C	868310	Glu84Gly	0.743	0.0977008263695057
tolerated_evidence	GRCh38:17:43104877:C:G	54724	Gly98Arg	0.236	-0.3784714866047879
tolerated_evidence	GRCh38:17:43047672:T:A	489733	Asp1813Val	0.262	-0.1805607161148019
tolerated_evidence	GRCh38:17:43047691:T:A	825717	Ile1807Phe	0.217	-1.12507013556553
disagreement	GRCh38:17:43076516:T:A	37593	Ser1486Cys	0.244	
disagreement	GRCh38:17:43104183:C:T	55012	Ser127Asn	0.127	
disagreement	GRCh38:17:43099816:T:G	136087	Gln169Pro	0.11	
insufficient	GRCh38:17:43082542:G:C	37576	Leu1407Val	0.065	
insufficient	GRCh38:17:43076570:T:C	37591	Asn1468Asp	0.217	
insufficient	GRCh38:17:43076558:G:A	41824	Leu1472Phe	0.219	
