VariationID	variant_key	protein_change	normalized_hgvs_c	findlay_score	findlay_score_rep1	findlay_score_rep2	findlay_score_rna	revel_score	sift_score	polyphen_score
54219	GRCh38:17:43106533:T:A	Lys45Asn	ENST00000357654.9:c.135A>T	-0.5912440433284171	-0.385584781531832	-0.7969033051250028	-0.31695128948685	0.545	0.03	0.155
54439	GRCh38:17:43106467:A:C	Asp67Glu	ENST00000357654.9:c.201T>G	-0.096183037628413	-0.327073255111255	0.1347071798544289	0.6111756160826011	0.562	0.8	0.081
54444	GRCh38:17:43106465:A:T	Ile68Lys	ENST00000357654.9:c.203T>A	-1.53542040040805	-2.12597845689316	-0.944862343922952	-0.1708715575711809	0.84	0	0.047
54450	GRCh38:17:43106462:G:T	Thr69Asn	ENST00000357654.9:c.206C>A	0.153279183571519	0.0832507433509659	0.2233076237920719	0.4863663167216379	0.604	0.01	0.07
54651	GRCh38:17:43104900:A:G	Ile90Thr	ENST00000357654.9:c.269T>C	0.0569082533560138	-0.463003937392091	0.576820444104119	0.289279136838866	0.713	0.16	0.64
54724	GRCh38:17:43104877:C:G	Gly98Arg	ENST00000357654.9:c.292G>C	-0.3784714866047879	-0.6228107780357139	-0.134132195173862	-0.2095060717396019	0.236	0	0.92
54828	GRCh38:17:43124065:A:G	Val11Ala	ENST00000357654.9:c.32T>C	-0.126650277002018	-0.132985860115981	-0.1203146938880549	-0.226193961107383	0.727	0	0.536
55217	GRCh38:17:43124053:A:G	Ile15Thr	ENST00000357654.9:c.44T>C	-2.09697257117144	-1.5200285207274602	-2.67391662161543	-1.2999135584564498	0.594	0	0.02
55320	GRCh38:17:43070980:C:A	Arg1645Met	ENST00000357654.9:c.4934G>T	-0.7774597332426679	-1.36223029417722	-0.192689172308118	0.4396141676272729	0.644	0.02	0.011
55330	GRCh38:17:43070962:G:A	Ser1651Phe	ENST00000357654.9:c.4952C>T	-0.6317969139302211	-1.02251353727897	-0.241080290581474	0.1818915077087539	0.794	0	0.052
55337	GRCh38:17:43070947:C:T	Gly1656Asp	ENST00000357654.9:c.4967G>A	-0.53894391028949	-0.369098960817016	-0.708788859761964	0.0915520635065728	0.828	0	0.311
55348	GRCh38:17:43067695:T:A	Met1663Leu	ENST00000357654.9:c.4987A>T	-2.12306699932937	-2.08079835429628	-2.16533564436245	-2.5892446906384503	0.514	0.25	0
55349	GRCh38:17:43067694:A:T	Met1663Lys	ENST00000357654.9:c.4988T>A	-2.05232380144043	-1.82607763122401	-2.27856997165684	-1.19369987141895	0.629	0	0.001
55390	GRCh38:17:43063940:C:G	Val1696Leu	ENST00000357654.9:c.5086G>C	-0.405383960609914	-0.0855404707941591	-0.7252274504256679	0.226874665608151	0.63	0	0.099
55397	GRCh38:17:43063930:C:G	Arg1699Pro	ENST00000357654.9:c.5096G>C	-1.54852253887007	-1.62375133452149	-1.47329374321866	-0.0154924364975361	0.843	0	0.957
55433	GRCh38:17:43063373:C:G	Trp1718Ser	ENST00000357654.9:c.5153G>C	-1.1867029449301498	-0.3199815716512019	-2.0534243182091	NA	0.914	0	0.251
55472	GRCh38:17:43057093:G:T	His1746Asn	ENST00000357654.9:c.5236C>A	-0.7595655616414309	-0.6126305193106011	-0.906500603972261	-0.0154320777731557	0.584	0	0.787
55484	GRCh38:17:43057074:G:A	Ala1752Val	ENST00000357654.9:c.5255C>T	-1.73849196243126	-1.5572637339468405	-1.91972019091568	0.0586676829580278	0.656	0	0.043
55551	GRCh38:17:43049164:C:T	Gly1788Asp	ENST00000357654.9:c.5363G>A	-0.693108211684985	-0.904036317983556	-0.482180105386414	0.0782953523774574	0.862	0	0.882
55572	GRCh38:17:43047687:A:G	Val1808Ala	ENST00000357654.9:c.5423T>C	-0.7988192254043821	-0.98071431701534	-0.6169241337934239	-0.170212554129829	0.751	0	0.259
55576	GRCh38:17:43047681:A:C	Val1810Gly	ENST00000357654.9:c.5429T>G	-3.37388079968849	-2.55604537951768	-4.19171621985931	-0.447838105008673	0.778	0	0.966
55613	GRCh38:17:43045748:C:T	Ser1841Asn	ENST00000357654.9:c.5522G>A	-2.2621444410842497	-2.13170110488893	-2.39258777727957	-0.4850704417476629	0.626	0	0.173
55624	GRCh38:17:43045717:G:T	Asp1851Glu	ENST00000357654.9:c.5553C>A	-0.2369283501812999	-0.547219786013743	0.0733630856511427	-0.256070649217644	0.536	0.08	0.009
55684	GRCh38:17:43124024:G:T	Pro25Thr	ENST00000357654.9:c.73C>A	-0.194290415479458	0.11576968572727	-0.504350516686186	-0.244995891064277	0.818	0	0.935
55732	GRCh38:17:43115777:A:G	Leu28Pro	ENST00000357654.9:c.83T>C	-1.64360581860877	-1.79679704524374	-1.49041459197379	-0.322648061632772	0.832	0	0.162
91559	GRCh38:17:43106508:G:T	Gln54Lys	ENST00000357654.9:c.160C>A	-0.620201371008806	-1.19845933647356	-0.0419434055440554	-0.0414401400013027	0.575	0.41	0.165
91572	GRCh38:17:43106469:C:T	Asp67Asn	ENST00000357654.9:c.199G>A	0.149696615854813	0.0581421681542017	0.241251063555425	-0.726870754597745	0.344	0.32	0.025
91641	GRCh38:17:43063335:C:T	Glu1731Lys	ENST00000357654.9:c.5191G>A	-2.76977608894852	-3.34153356160206	-2.19801861629499	NA	0.586	0.01	0.053
91643	GRCh38:17:43057132:C:T	Asp1733Asn	ENST00000357654.9:c.5197G>A	-0.511247529135134	0.248482671445379	-1.27097772971565	0.312734311464656	0.462	0.21	0.138
91648	GRCh38:17:43051065:G:A	Thr1777Ile	ENST00000357654.9:c.5330C>T	-0.4534450161903389	0.0739283421911188	-0.980818374571797	-1.84171256199067	0.653	0	0.901
96909	GRCh38:17:43104879:G:C	Thr97Arg	ENST00000357654.9:c.290C>G	-1.02382358502105	-1.00209991398164	-1.04554725606046	-0.0228143642138629	0.724	0.03	0.745
96944	GRCh38:17:43057075:C:T	Ala1752Thr	ENST00000357654.9:c.5254G>A	-2.5857887593723903	-2.56282226045707	-2.60875525828771	-0.7490818060387109	0.688	0	0.052
96948	GRCh38:17:43051093:A:C	Cys1768Gly	ENST00000357654.9:c.5302T>G	-0.967951041146808	-0.530661784148924	-1.40524029814469	0.9465031066273628	0.867	0	0.098
125806	GRCh38:17:43057129:A:G	Phe1734Leu	ENST00000357654.9:c.5200T>C	-2.37335995851566	-1.8170420744965696	-2.9296778425347503	-0.234304701662065	0.87	0	0.114
133721	GRCh38:17:43104879:G:A	Thr97Ile	ENST00000357654.9:c.290C>T	-1.04013448709355	-1.01653509453638	-1.06373387965071	-1.24711781185922	0.782	0	0.399
141077	GRCh38:17:43063937:A:T	Cys1697Ser	ENST00000357654.9:c.5089T>A	-0.0692527583068329	-0.1935727639144299	0.0550672473007643	-0.0010569259893473	0.896	0	0.679
142256	GRCh38:17:43045772:A:G	Val1833Ala	ENST00000357654.9:c.5498T>C	-0.661423186820916	-0.211944802254293	-1.11090157138754	0.45684416341573	0.787	0	0.774
182172	GRCh38:17:43045766:C:G	Arg1835Pro	ENST00000357654.9:c.5504G>C	-1.31208575342448	-1.38605388577046	-1.23811762107851	-0.927330716432078	0.48	0.04	0.073
182167	GRCh38:17:43051092:C:T	Cys1768Tyr	ENST00000357654.9:c.5303G>A	-0.7358954081784379	-0.4624850070289779	-1.0093058093279	-0.287082366742299	0.758	0	0.249
185702	GRCh38:17:43057091:G:C	His1746Gln	ENST00000357654.9:c.5238C>G	-0.8968275496203171	-0.43247633862434	-1.36117876061629	0.0545763496318007	0.698	0	0.013
186979	GRCh38:17:43071020:C:A	Val1632Leu	ENST00000357654.9:c.4894G>T	-0.794290560797775	-1.02091419130751	-0.567666930288036	-0.134699166996796	0.564	0.1	0.001
187707	GRCh38:17:43104898:A:G	Cys91Arg	ENST00000357654.9:c.271T>C	-0.330071693871008	-0.278425620003905	-0.38171776773811	0.117729930008445	0.515	0.15	0
185578	GRCh38:17:43106483:G:C	Pro62Arg	ENST00000357654.9:c.185C>G	-0.73045276973931	-0.539914595124111	-0.920990944354508	0.12915687265697	0.899	0	0.986
185882	GRCh38:17:43124031:T:G	Leu22Phe	ENST00000357654.9:c.66A>C	-0.33315091053469	-0.424285977325978	-0.242015843743402	0.561525584015849	0.648	0	0.9
188419	GRCh38:17:43057069:C:T	Glu1754Lys	ENST00000357654.9:c.5260G>A	-0.318323795563548	-0.466266694538027	-0.170380896589068	0.0371603280253271	0.598	0	0.017
188417	GRCh38:17:43063900:C:T	Gly1709Glu	ENST00000357654.9:c.5126G>A	-0.558665497685808	-0.5510348431040211	-0.5662961522675949	0.0796009577771831	0.784	0	0.95
188416	GRCh38:17:43067640:G:A	Thr1681Ile	ENST00000357654.9:c.5042C>T	-0.786038537797987	-0.836435519339489	-0.735641556256485	-1.1212800669931102	0.581	0	0.006
188415	GRCh38:17:43070959:A:T	Met1652Lys	ENST00000357654.9:c.4955T>A	-1.53235546339967	-1.36966781114545	-1.69504311565389	-1.01363858881327	0.719	0	0.015
216657	GRCh38:17:43104895:C:G	Ala92Pro	ENST00000357654.9:c.274G>C	-3.0436604684468103	-2.56276947399508	-3.52455146289854	-0.233999178524615	0.685	0	0.857
225731	GRCh38:17:43045785:C:T	Glu1829Lys	ENST00000357654.9:c.5485G>A	-0.804182973764603	-0.367105682131041	-1.24126026539817	-0.7581905293176	0.407	0.25	0.12
232037	GRCh38:17:43047703:C:T	Gly1803Ser	ENST00000357654.9:c.5407G>A	-0.320508703475903	-0.399858076100982	-0.241159330850825	0.116866059480924	0.547	0.05	0.06
234129	GRCh38:17:43049156:C:T	Val1791Met	ENST00000357654.9:c.5371G>A	-0.252402919340413	-0.258060037313927	-0.2467458013668989	0.37058266929388	0.654	0	0.037
232897	GRCh38:17:43049173:T:G	Gln1785Pro	ENST00000357654.9:c.5354A>C	-1.5255604320955	-1.58022403784614	-1.47089682634487	-0.7359728345826401	0.609	0	0.803
234183	GRCh38:17:43051108:C:G	Gly1763Arg	ENST00000357654.9:c.5287G>C	-0.664336514868902	-1.29339479538196	-0.0352782343558469	0.1205847220248169	0.652	0	0.282
232790	GRCh38:17:43057092:T:G	His1746Pro	ENST00000357654.9:c.5237A>C	-2.56647745711579	-2.66076389288788	-2.47219102134371	-0.186451576117153	0.897	0	0.845
233207	GRCh38:17:43067652:G:A	Thr1677Ile	ENST00000357654.9:c.5030C>T	-1.01369458943812	-1.1269286247809098	-0.900460554095332	-0.121525541663598	0.582	0	0.18
233593	GRCh38:17:43070968:C:G	Arg1649Thr	ENST00000357654.9:c.4946G>C	-0.214181107122188	-0.336020861967757	-0.0923413522766188	-0.2112238840170349	0.62	0.04	0.049
232427	GRCh38:17:43124028:C:G	Glu23Asp	ENST00000357654.9:c.69G>C	-1.0667011016788	-0.78327959887778	-1.35012260447981	-0.148817699575405	0.609	0	0.638
240816	GRCh38:17:43063912:A:C	Leu1705Arg	ENST00000357654.9:c.5114T>G	-1.17417485343466	-1.1652867172723602	-1.18306298959696	0.208548754003356	0.578	0	0.347
240813	GRCh38:17:43063940:C:A	Val1696Leu	ENST00000357654.9:c.5086G>T	-0.945259124798763	-0.931268345810851	-0.9592499037866742	0.198165670395158	0.63	0	0.099
252402	GRCh38:17:43051066:T:A	Thr1777Ser	ENST00000357654.9:c.5329A>T	-0.0170110028106307	0.0623632974318023	-0.0963853030530638	-0.9725262047575428	0.598	0.01	0.915
252386	GRCh38:17:43115757:C:A	Val35Phe	ENST00000357654.9:c.103G>T	-1.23552836047238	-1.33409971054018	-1.13695701040458	-0.40423621879388	0.715	0	0.973
267217	GRCh38:17:43104927:T:A	Gln81Leu	ENST00000357654.9:c.242A>T	-0.372554913707786	-0.406450423293073	-0.3386594041224999	-0.133410742939389	0.73	0.02	0.17
409346	GRCh38:17:43063940:C:T	Val1696Met	ENST00000357654.9:c.5086G>A	-0.298896816341335	-0.17366377202591	-0.42412986065676	-0.0787734085371048	0.537	0	0.865
409307	GRCh38:17:43106468:T:A	Asp67Val	ENST00000357654.9:c.200A>T	0.141412315907018	0.367322007476725	-0.084497375662689	0.162488909189629	0.652	0	0.156
409340	GRCh38:17:43106513:A:G	Leu52Pro	ENST00000357654.9:c.155T>C	-1.26354747579423	-0.9455622459425128	-1.58153270564594	-0.2978562854107719	0.827	0	0.985
423044	GRCh38:17:43045748:C:G	Ser1841Thr	ENST00000357654.9:c.5522G>C	-1.86342946322187	-1.84071172471331	-1.88614720173043	0.45340942517975	0.7	0	0.121
418072	GRCh38:17:43063347:T:G	Lys1727Gln	ENST00000357654.9:c.5179A>C	0.295675239099518	0.638833458137549	-0.0474829799385129	NA	0.614	0	0.061
422674	GRCh38:17:43063882:C:A	Ser1715Ile	ENST00000357654.9:c.5144G>T	-2.0230407342013503	-1.73804811034087	-2.30803335806182	-0.6327117655276221	0.809	0	0.103
422989	GRCh38:17:43063906:A:C	Ile1707Ser	ENST00000357654.9:c.5120T>G	-2.29509445148828	-2.36640368790023	-2.22378521507632	-0.298971943898153	0.839	0	0.769
431278	GRCh38:17:43051070:C:T	Met1775Ile	ENST00000357654.9:c.5325G>A	-0.299537464070136	0.0374138275977616	-0.636488755738034	0.582913479778019	0.606	0	0.085
431195	GRCh38:17:43124035:A:C	Ile21Ser	ENST00000357654.9:c.62T>G	0.2023744142360539	0.0681737085122399	0.3365751199598689	0.0827975244704741	0.668	0	0.376
433732	GRCh38:17:43049155:A:T	Val1791Glu	ENST00000357654.9:c.5372T>A	-1.18900378766452	-1.4316842441770905	-0.946323331151942	-0.232684173753202	0.805	0	0.709
433685	GRCh38:17:43106516:A:G	Leu51Pro	ENST00000357654.9:c.152T>C	-1.33284833119727	-1.32685031886724	-1.3388463435272902	-0.154971433695306	0.821	0	0.989
440479	GRCh38:17:43063916:A:G	Phe1704Leu	ENST00000357654.9:c.5110T>C	-1.6652800811778	-1.5795884099532198	-1.7509717524023798	0.0852592197726133	0.631	0	0.007
438922	GRCh38:17:43124066:C:G	Val11Leu	ENST00000357654.9:c.31G>C	-1.14195506703003	-1.01819420677032	-1.26571592728974	0.0432299692455053	0.677	0.02	0.631
441287	GRCh38:17:43045716:T:C	Thr1852Ala	ENST00000357654.9:c.5554A>G	0.309628122141978	0.1720786472603859	0.44717759702357	-0.0670912895730184	0.464	0.65	0.049
441341	GRCh38:17:43115732:A:G	Phe43Ser	ENST00000357654.9:c.128T>C	-1.24099502166333	-1.23707560763114	-1.24491443569553	-0.0949246060808249	0.847	0	0.767
441319	GRCh38:17:43115733:A:G	Phe43Leu	ENST00000357654.9:c.127T>C	-1.0838823856696702	-1.30124883444495	-0.8665159368943879	0.2435093310121989	0.8	0.01	0.684
462586	GRCh38:17:43104928:G:C	Gln81Glu	ENST00000357654.9:c.241C>G	-0.964109618177198	-1.34407744235486	-0.584141793999533	0.0775949287672824	0.629	0	0.354
479266	GRCh38:17:43047673:C:A	Asp1813Tyr	ENST00000357654.9:c.5437G>T	-1.31630485647323	-1.4041595173836	-1.2284501955628502	-0.5467234604907	0.335	0	0.795
479210	GRCh38:17:43047677:C:G	Gln1811His	ENST00000357654.9:c.5433G>C	-0.7477769592583521	-0.398524205515678	-1.09702971300103	-0.0745690256382933	0.597	0	0.907
485403	GRCh38:17:43063337:T:A	Asn1730Ile	ENST00000357654.9:c.5189A>T	-0.329646109752361	-0.549997298596035	-0.1092949209086859	NA	0.535	0	0.023
485397	GRCh38:17:43049153:C:G	Val1792Leu	ENST00000357654.9:c.5374G>C	-0.323216046739691	-0.3143466274657039	-0.332085466013678	0.0085930821963973	0.623	0	0.011
479269	GRCh38:17:43106518:T:A	Lys50Asn	ENST00000357654.9:c.150A>T	-0.253562359007247	-0.2175313221681989	-0.289593395846295	-0.0909230021358607	0.604	0	0.945
479225	GRCh38:17:43124049:A:T	Asn16Lys	ENST00000357654.9:c.48T>A	-0.291203178754204	0.205126190355792	-0.7875325478642009	-0.201310198654286	0.561	0.08	0.479
482908	GRCh38:17:43057074:G:C	Ala1752Gly	ENST00000357654.9:c.5255C>G	-0.281368161514999	0.0827100817280057	-0.6454464047580041	0.0405495602235201	0.637	0	0.125
481464	GRCh38:17:43063906:A:G	Ile1707Thr	ENST00000357654.9:c.5120T>C	-0.1433250948322409	-0.0051259455526659	-0.281524244111816	0.407788808217344	0.835	0	0.913
481444	GRCh38:17:43067617:T:C	Met1689Val	ENST00000357654.9:c.5065A>G	0.5615404037321371	0.7002533563706329	0.422827451093641	0.4927995517965879	0.5	0	0.24
489733	GRCh38:17:43047672:T:A	Asp1813Val	ENST00000357654.9:c.5438A>T	-0.1805607161148019	0.144306781384362	-0.5054282136139671	-0.151681927057499	0.262	0	0.006
489732	GRCh38:17:43047687:A:C	Val1808Gly	ENST00000357654.9:c.5423T>G	-1.93008814099227	-1.1617027730577	-2.69847350892684	-0.3683518910840109	0.843	0	0.845
489728	GRCh38:17:43124048:C:A	Ala17Ser	ENST00000357654.9:c.49G>T	0.244995540364458	0.665301315058236	-0.17531023432932	-0.238049778633397	0.582	0	0.638
491098	GRCh38:17:43063361:G:T	Ser1722Tyr	ENST00000357654.9:c.5165C>A	-1.284016223324	-1.01986029600015	-1.54817215064785	NA	0.772	0	0.015
491102	GRCh38:17:43057110:A:G	Val1740Ala	ENST00000357654.9:c.5219T>C	0.0796598527324661	0.1233686990714049	0.0359510063935271	-0.0431263804154077	0.648	0	0.924
496395	GRCh38:17:43049140:G:A	Ser1796Leu	ENST00000357654.9:c.5387C>T	-0.7835870171002098	-0.787810090812888	-0.779363943387533	-0.686019574367678	0.392	0.04	0.003
496391	GRCh38:17:43057101:C:G	Gly1743Ala	ENST00000357654.9:c.5228G>C	-1.2133956437475	-1.37277626795636	-1.0540150195386402	-0.0411015993551616	0.655	0	0.058
496390	GRCh38:17:43067617:T:G	Met1689Leu	ENST00000357654.9:c.5065A>C	-0.031839984390885	0.190054913158253	-0.253734881940023	0.0117613604598416	0.522	0.01	0.031
496392	GRCh38:17:43057086:C:A	Gly1748Val	ENST00000357654.9:c.5243G>T	-1.26800840696668	-0.961325790494004	-1.57469102343936	-0.10380867981544	0.749	0	0.023
531284	GRCh38:17:43057077:C:A	Arg1751Leu	ENST00000357654.9:c.5252G>T	-0.371918700338791	-0.392538959298646	-0.3512984413789349	-0.0784996589534341	0.727	0	0.012
531317	GRCh38:17:43063928:T:G	Thr1700Pro	ENST00000357654.9:c.5098A>C	-2.27997885783161	-2.43844852411692	-2.12150919154631	-0.237198159532482	0.84	0	0.988
531388	GRCh38:17:43124078:G:T	Arg7Ser	ENST00000357654.9:c.19C>A	-0.921591673894526	-0.7792411154690709	-1.06394223231998	-0.546288817122119	0.503	0.2	0.038
531311	GRCh38:17:43057083:G:A	Pro1749Leu	ENST00000357654.9:c.5246C>T	-2.09151893906852	-2.66628039452438	-1.51675748361267	-0.455159738308345	0.718	0	0.056
531408	GRCh38:17:43063349:C:G	Arg1726Thr	ENST00000357654.9:c.5177G>C	-0.108020882242448	0.131028544956637	-0.3470703094415319	NA	0.532	0.06	0.043
560856	GRCh38:17:43057095:T:C	Asn1745Ser	ENST00000357654.9:c.5234A>G	0.195848238107692	0.34419604270705	0.0475004335083336	-0.218997711335811	0.427	0.07	0.006
566134	GRCh38:17:43063946:C:T	Glu1694Lys	ENST00000357654.9:c.5080G>A	-1.75545582628953	-1.99340865996705	-1.51750299261201	-2.9345722403887	0.549	0	0.223
567879	GRCh38:17:43063945:T:C	Glu1694Gly	ENST00000357654.9:c.5081A>G	-0.0458899992366069	-0.002846956815041	-0.0889330416581727	-0.7349867138190809	0.595	0	0.025
571901	GRCh38:17:43057098:C:T	Arg1744Lys	ENST00000357654.9:c.5231G>A	0.21732441862255	0.273726061467451	0.160922775777648	0.1429643785300269	0.541	0	0.155
631079	GRCh38:17:43047663:G:T	Thr1816Lys	ENST00000357654.9:c.5447C>A	-0.5050953379937101	-0.899857135431614	-0.1103335405558059	-0.0087331825583138	0.487	0.08	0.055
630815	GRCh38:17:43049159:A:G	Ser1790Pro	ENST00000357654.9:c.5368T>C	-0.545062213705706	-0.8707877013015279	-0.2193367261098839	-0.0093272872527423	0.61	0	0.215
628780	GRCh38:17:43049162:C:G	Ala1789Pro	ENST00000357654.9:c.5365G>C	-1.67132779442868	-1.58534098387323	-1.7573146049841202	-0.810467883840415	0.795	0	0.383
630918	GRCh38:17:43051096:A:G	Cys1767Arg	ENST00000357654.9:c.5299T>C	-1.02352073149176	-1.88896721770493	-0.158074245278589	1.4174471792391798	0.869	0	0.489
630802	GRCh38:17:43051114:A:G	Phe1761Leu	ENST00000357654.9:c.5281T>C	-0.0465529055170588	0.0354857482928592	-0.128591559326977	-0.531083021836671	0.799	0	0.028
628107	GRCh38:17:43057132:C:G	Asp1733His	ENST00000357654.9:c.5197G>C	-0.0544888779988724	0.0819152050903951	-0.19089296108814	-0.096988444803719	0.664	0	0.55
631209	GRCh38:17:43063948:G:A	Ala1693Val	ENST00000357654.9:c.5078C>T	-1.67152473037458	-1.6516888163299	-1.69136064441925	-2.19424565968733	0.621	0.08	0.015
631148	GRCh38:17:43067667:T:A	His1672Leu	ENST00000357654.9:c.5015A>T	0.664878570566934	0.535253592022976	0.794503549110893	0.363135266369647	0.482	0.07	0
631339	GRCh38:17:43067679:A:C	Phe1668Cys	ENST00000357654.9:c.5003T>G	-0.3250298917995939	-0.307583086384413	-0.342476697214775	0.0002385129010849	0.802	0	0.035
629251	GRCh38:17:43067679:A:G	Phe1668Ser	ENST00000357654.9:c.5003T>C	-1.76068713282001	-1.9713788805459	-1.5499953850941202	-0.0091079700041924	0.81	0	0.845
628290	GRCh38:17:43070998:A:G	Leu1639Ser	ENST00000357654.9:c.4916T>C	0.3969955480039639	-0.182412602586288	0.976403698594216	-0.262257603591888	0.484	0.58	0.047
631413	GRCh38:17:43071015:G:T	Ser1633Arg	ENST00000357654.9:c.4899C>A	-0.555716157713003	-0.559779055564792	-0.551653259861214	-0.489031616540422	0.488	0.09	0
628576	GRCh38:17:43071021:A:T	Ser1631Arg	ENST00000357654.9:c.4893T>A	0.154709037549276	0.445173100898556	-0.135755025800004	-0.6416902486534979	0.595	0.06	0.001
629283	GRCh38:17:43104922:C:T	Val83Ile	ENST00000357654.9:c.247G>A	-0.0934321813016914	-0.219921604358791	0.0330572417554079	-0.221812675007978	0.575	0.23	0.455
629710	GRCh38:17:43104949:G:T	Gln74Lys	ENST00000357654.9:c.220C>A	-0.7761061337997609	-1.44319884254946	-0.1090134250500649	-0.1137550496595389	0.557	0.06	0.047
630444	GRCh38:17:43124072:C:G	Glu9Gln	ENST00000357654.9:c.25G>C	-0.292376184810078	-0.2181385981297139	-0.366613771490442	-0.3326087930866189	0.586	0.1	0.711
632609	GRCh38:17:43063373:C:A	Trp1718Leu	ENST00000357654.9:c.5153G>T	-1.37115523247543	-1.15523778989728	-1.58707267505357	NA	0.933	0	0.56
652310	GRCh38:17:43063370:A:G	Val1719Ala	ENST00000357654.9:c.5156T>C	0.3747867957781279	0.4146858777607289	0.3348877137955269	NA	0.816	0	0.844
664982	GRCh38:17:43063924:A:G	Leu1701Pro	ENST00000357654.9:c.5102T>C	-1.30043059133703	-1.30010840957548	-1.3007527730985702	0.0948753299235733	0.813	0	0.988
655629	GRCh38:17:43067619:A:G	Val1688Ala	ENST00000357654.9:c.5063T>C	-0.322963559452218	-0.490174587290818	-0.155752531613619	-0.102729230290284	0.684	0	0.644
665905	GRCh38:17:43067647:G:C	Leu1679Val	ENST00000357654.9:c.5035C>G	0.370339922652456	0.382749694537509	0.3579301507674029	0.1234935204750249	0.488	1	0.012
650798	GRCh38:17:43071014:T:C	Arg1634Gly	ENST00000357654.9:c.4900A>G	0.519292946630737	0.960630684780272	0.0779552084812014	0.1092255779284439	0.604	0.12	0.015
801087	GRCh38:17:43051095:C:G	Cys1767Ser	ENST00000357654.9:c.5300G>C	-0.966362391806273	-0.2787421590611409	-1.6539826245514	-0.7009474096647641	0.767	0	0.209
801081	GRCh38:17:43067638:C:G	Glu1682Gln	ENST00000357654.9:c.5044G>C	-0.978868465162841	-1.18212777745554	-0.7756091528701461	-2.0770975648749	0.496	0	0.045
825736	GRCh38:17:43047669:G:T	Ala1814Asp	ENST00000357654.9:c.5441C>A	-1.25491240157845	-0.302649720932367	-2.2071750822245297	-0.378247807395873	0.731	0	0.007
825717	GRCh38:17:43047691:T:A	Ile1807Phe	ENST00000357654.9:c.5419A>T	-1.12507013556553	-1.29662689992931	-0.953513371201744	0.0628462172368898	0.217	0	0.129
825665	GRCh38:17:43049186:C:T	Glu1781Lys	ENST00000357654.9:c.5341G>A	0.1223307037461699	0.2568483194357339	-0.0121869119433947	0.0172704061176549	0.509	0.01	0.311
825649	GRCh38:17:43051075:T:G	Asn1774His	ENST00000357654.9:c.5320A>C	0.136919874414982	-0.110325774549754	0.384165523379717	0.255655633768608	0.564	0	0.704
825607	GRCh38:17:43057058:G:T	Asp1757Glu	ENST00000357654.9:c.5271C>A	-0.0407180388420184	0.2276021508235389	-0.309038228507576	0.140332690217975	0.412	0.44	0.006
825568	GRCh38:17:43057105:T:C	Asn1742Asp	ENST00000357654.9:c.5224A>G	-0.749588491501205	-0.407572108841295	-1.09160487416112	0.197672595786636	0.592	0.01	0.196
825529	GRCh38:17:43057133:A:T	His1732Gln	ENST00000357654.9:c.5196T>A	-0.1066809396453399	0.0364155778474419	-0.249777457138123	0.0054047287850286	0.546	0.07	0.037
825518	GRCh38:17:43063340:A:G	Leu1729Pro	ENST00000357654.9:c.5186T>C	-1.25811813513376	-0.4123090774896421	-2.10392719277788	NA	0.824	0	0.958
825488	GRCh38:17:43063371:C:T	Val1719Met	ENST00000357654.9:c.5155G>A	-0.540558899922355	-0.524728117821768	-0.556389682022941	NA	0.677	0	0.586
825476	GRCh38:17:43063880:A:G	Tyr1716His	ENST00000357654.9:c.5146T>C	0.293174677694855	0.288604226555718	0.297745128833992	-0.107284491547068	0.486	0	0.987
825475	GRCh38:17:43063880:A:T	Tyr1716Asn	ENST00000357654.9:c.5146T>A	0.0180862415763089	0.125778600150517	-0.0896061169978989	-0.209412932568855	0.539	0	0.439
825461	GRCh38:17:43063907:T:G	Ile1707Leu	ENST00000357654.9:c.5119A>C	0.0780221890285954	-0.0159000812260589	0.17194445928325	0.0742878560407119	0.564	0	0.129
825397	GRCh38:17:43067634:T:C	Glu1683Gly	ENST00000357654.9:c.5048A>G	-1.0971505269913102	-1.2993691213573202	-0.8949319326252979	-2.7176321863222794	0.445	0.32	0.74
825349	GRCh38:17:43067689:C:A	Val1665Leu	ENST00000357654.9:c.4993G>T	-0.908947432730684	-0.6947030028082989	-1.12319186265307	-1.80042592996604	0.599	0	0.001
825294	GRCh38:17:43070992:G:A	Ala1641Val	ENST00000357654.9:c.4922C>T	0.362735801041234	0.978116990775777	-0.252645388693309	-0.122387515595858	0.531	0.21	0.025
821773	GRCh38:17:43104894:G:C	Ala92Gly	ENST00000357654.9:c.275C>G	-1.29607333854295	-1.00400520110943	-1.58814147597647	0.693900183951441	0.747	0	0.722
821724	GRCh38:17:43104897:C:G	Cys91Ser	ENST00000357654.9:c.272G>C	-0.6245078205091129	-0.0373220829333142	-1.21169355808491	0.203191740243391	0.529	0.03	0.001
823423	GRCh38:17:43115764:C:G	Lys32Asn	ENST00000357654.9:c.96G>C	-0.0915135458113136	-0.203568881085224	0.0205417894625966	0.0343469659136123	0.614	0	0.921
827565	GRCh38:17:43115778:G:C	Leu28Val	ENST00000357654.9:c.82C>G	-0.728959633849956	-0.795872742163401	-0.66204652553651	-0.420657961573583	0.701	0	0.631
826690	GRCh38:17:43124029:T:G	Glu23Ala	ENST00000357654.9:c.68A>C	-0.608742915773584	-0.1711796845073739	-1.04630614703979	-0.133052722954323	0.793	0	0.455
819110	GRCh38:17:43124084:C:G	Ala5Pro	ENST00000357654.9:c.13G>C	-0.8928590529378051	-0.724165481079904	-1.06155262479571	-0.495884121238936	0.585	0.02	0.465
861117	GRCh38:17:43045751:T:G	Asp1840Ala	ENST00000357654.9:c.5519A>C	0.0408873762011184	-0.0584213340079932	0.14019608641023	0.2931544341802949	0.835	0	0.461
840931	GRCh38:17:43045769:G:T	Thr1834Asn	ENST00000357654.9:c.5501C>A	-0.0496950637413476	-0.2460160409916389	0.146625913508944	0.3045938665952489	0.545	0	0.962
844181	GRCh38:17:43049128:A:C	Leu1800Arg	ENST00000357654.9:c.5399T>G	0.0201724922153654	-0.0660508077110673	0.106395792141798	0.0057988177452669	0.511	0.39	0
864052	GRCh38:17:43124041:T:C	Gln19Arg	ENST00000357654.9:c.56A>G	0.0502988982912768	0.246151968081328	-0.145554171498774	-0.0310813049597468	0.736	0	0.455
848933	GRCh38:17:43124057:C:A	Val14Phe	ENST00000357654.9:c.40G>T	-1.43176219554685	-0.8625720074479709	-2.00095238364573	-0.0786453911383286	0.607	0	0.944
868679	GRCh38:17:43045706:A:T	Ile1855Lys	ENST00000357654.9:c.5564T>A	-0.863843894941789	-1.04431808318622	-0.68336970669736	-0.2623051148918179	0.687	0	0.028
868677	GRCh38:17:43045707:T:C	Ile1855Val	ENST00000357654.9:c.5563A>G	0.0462776303387803	0.242246459909882	-0.149691199232322	-0.684578171002312	0.435	0.88	0
865017	GRCh38:17:43045712:T:A	Tyr1853Phe	ENST00000357654.9:c.5558A>T	-0.627988107807151	-0.52945471021486	-0.7265215053994409	0.0017639220578966	0.79	0	0.376
869042	GRCh38:17:43045715:G:C	Thr1852Ser	ENST00000357654.9:c.5555C>G	-0.131134371063331	-0.0255821333462165	-0.236686608780445	-0.0483899111355621	0.523	0.08	0.258
868660	GRCh38:17:43045718:T:A	Asp1851Val	ENST00000357654.9:c.5552A>T	-0.675031571224461	-0.341608467300821	-1.0084546751481	-1.24598316021161	0.599	0	0.011
867653	GRCh38:17:43045721:A:G	Leu1850Pro	ENST00000357654.9:c.5549T>C	0.106617167469741	0.0422673030022989	0.170967031937183	0.569897175619708	0.746	0	0.988
869027	GRCh38:17:43045726:C:A	Gln1848His	ENST00000357654.9:c.5544G>T	-1.1808433092648505	-0.9191080776283248	-1.4425785409013798	-0.668545213287053	0.682	0	0.263
868639	GRCh38:17:43045728:G:C	Gln1848Glu	ENST00000357654.9:c.5542C>G	-0.353073612422102	-0.0677449885756984	-0.638402236268505	0.133646814209188	0.667	0	0.151
868626	GRCh38:17:43045740:G:A	Leu1844Phe	ENST00000357654.9:c.5530C>T	-0.170767947483597	-0.0352282863801577	-0.306307608587037	-1.06226649180316	0.598	0.02	0.264
864970	GRCh38:17:43045745:A:G	Val1842Ala	ENST00000357654.9:c.5525T>C	-1.4948113395770402	-0.9064437162943358	-2.08317896285974	-0.487111997751145	0.619	0	0.987
868617	GRCh38:17:43045749:T:A	Ser1841Cys	ENST00000357654.9:c.5521A>T	-0.023697712368313	-0.160561077072255	0.113165652335629	-0.341611956983882	0.783	0	0.742
868615	GRCh38:17:43045750:G:C	Asp1840Glu	ENST00000357654.9:c.5520C>G	-1.36946449858641	-0.84800865701316	-1.89092034015965	-0.193077572887883	0.777	0	0.001
868594	GRCh38:17:43045775:A:C	Val1832Gly	ENST00000357654.9:c.5495T>G	-2.87157054358408	-2.84477592583426	-2.89836516133389	-1.43041246555155	0.721	0	0.073
868593	GRCh38:17:43045775:A:G	Val1832Ala	ENST00000357654.9:c.5495T>C	-0.909867174020695	-0.6463853947969921	-1.1733489532444	-0.450761171110391	0.672	0	0.708
864938	GRCh38:17:43045779:G:T	Pro1831Thr	ENST00000357654.9:c.5491C>A	-0.0149928976380875	-0.0217881678022482	-0.0081976274739268	0.232653742340563	0.531	0.26	0.165
864934	GRCh38:17:43045781:G:A	Ala1830Val	ENST00000357654.9:c.5489C>T	-0.21197628861101	-0.0512666643573949	-0.372685912864626	-0.4030997404966239	0.486	0.28	0.107
864933	GRCh38:17:43045781:G:C	Ala1830Gly	ENST00000357654.9:c.5489C>G	-0.990940648228031	-0.3718263413093979	-1.61005495514666	-0.0035735769311297	0.521	0.03	0.218
864932	GRCh38:17:43045781:G:T	Ala1830Glu	ENST00000357654.9:c.5489C>A	-1.12572817242339	-0.817485570174593	-1.43397077467219	0.6082007431486199	0.507	0	0.136
868982	GRCh38:17:43045783:C:G	Glu1829Asp	ENST00000357654.9:c.5487G>C	-3.61778280157322e-06	-0.351825609158598	0.3518183735929949	-0.283879297602186	0.498	0.15	0.111
864923	GRCh38:17:43045790:A:G	Met1827Thr	ENST00000357654.9:c.5480T>C	0.0630260478167066	0.211300493039123	-0.0852483974057095	-0.38331093618068	0.527	0.15	0.107
864922	GRCh38:17:43045790:A:T	Met1827Lys	ENST00000357654.9:c.5480T>A	-0.129843361578819	-0.0283659472622662	-0.231320775895372	-0.0656783801530642	0.414	0.25	0.022
864909	GRCh38:17:43045802:G:T	Ala1823Glu	ENST00000357654.9:c.5468C>A	0.135290185644148	0.35586132871536	-0.0852809574270642	-0.831977855616288	0.472	0.33	0.013
868519	GRCh38:17:43047646:G:A	His1822Tyr	ENST00000357654.9:c.5464C>T	-0.2424249649628339	-0.109323413860499	-0.3755265160651679	0.3950290514537229	0.287	0.06	0.387
868104	GRCh38:17:43047649:A:G	Phe1821Leu	ENST00000357654.9:c.5461T>C	-0.0705944057349995	-0.0103928539906837	-0.130795957479315	0.105114041934902	0.335	0.08	0
865546	GRCh38:17:43047651:C:A	Gly1820Val	ENST00000357654.9:c.5459G>T	0.262636792305302	-0.0797878576212673	0.60506144223187	0.201179635699905	0.316	0	0.112
868911	GRCh38:17:43047653:A:T	Asn1819Lys	ENST00000357654.9:c.5457T>A	-0.231764896321833	-0.177473407328695	-0.2860563853149699	-0.0295429512960959	0.191	0.02	0.01
868511	GRCh38:17:43047655:T:A	Asn1819Tyr	ENST00000357654.9:c.5455A>T	-0.449637787239626	-1.00594521469326	0.106669640214008	0.0016870598478015	0.146	0.01	0
868899	GRCh38:17:43047665:C:G	Trp1815Cys	ENST00000357654.9:c.5445G>C	-4.591698941323781	-4.65109524587096	-4.53230263677659	-5.45381893977403	0.745	0	0.987
867389	GRCh38:17:43047673:C:G	Asp1813His	ENST00000357654.9:c.5437G>C	-0.981230415384132	-1.2965085052989098	-0.665952325469356	0.018351965659662	0.281	0	0.766
867386	GRCh38:17:43047682:C:G	Val1810Leu	ENST00000357654.9:c.5428G>C	-0.135301414304995	-0.2452064410188189	-0.0253963875911698	-0.187941602569075	0.677	0.05	0.099
868476	GRCh38:17:43047691:T:G	Ile1807Leu	ENST00000357654.9:c.5419A>C	0.177009280841274	0.226181794521566	0.127836767160982	0.274386594581183	0.168	0.01	0.009
868078	GRCh38:17:43047693:G:T	Pro1806Gln	ENST00000357654.9:c.5417C>A	0.0738415973464122	-0.294217240944672	0.441900435637497	0.312840241403654	0.516	0	0.007
867378	GRCh38:17:43047696:T:C	His1805Arg	ENST00000357654.9:c.5414A>G	-0.0100644573327441	-0.362887424692	0.342758510026512	0.373296736743671	0.49	0.18	0
868461	GRCh38:17:43047702:C:T	Gly1803Asp	ENST00000357654.9:c.5408G>A	-1.07093036779495	-0.983173348771038	-1.15868738681887	0.6019039841197901	0.539	0.24	0.121
868074	GRCh38:17:43047703:C:G	Gly1803Arg	ENST00000357654.9:c.5407G>C	0.104268267938043	0.0519347062566222	0.156601829619463	-0.074986830308966	0.562	0	0.015
865701	GRCh38:17:43049126:C:G	Gly1801Arg	ENST00000357654.9:c.5401G>C	-0.261908995635857	-0.0962178149002548	-0.42760017637146	0.306614576650721	0.487	0.32	0.005
868049	GRCh38:17:43049132:T:C	Thr1799Ala	ENST00000357654.9:c.5395A>G	0.197311230451047	-0.0011521111772448	0.3957745720793389	0.0695890729672972	0.567	0.01	0.014
868040	GRCh38:17:43049143:A:T	Leu1795His	ENST00000357654.9:c.5384T>A	-0.161827929847202	-0.223764912872213	-0.0998909468221907	0.0076893283725426	0.558	0.02	0.984
865396	GRCh38:17:43049149:T:C	Lys1793Arg	ENST00000357654.9:c.5378A>G	0.472239647341756	0.209154859315532	0.7353244353679809	-0.0107501842219491	0.584	0.07	0.109
868389	GRCh38:17:43049152:A:T	Val1792Glu	ENST00000357654.9:c.5375T>A	-1.0339054301172	-1.01316661731511	-1.0546442429192902	-0.0693143525393887	0.82	0	0.775
868035	GRCh38:17:43049155:A:C	Val1791Gly	ENST00000357654.9:c.5372T>G	-0.6542998429020551	-0.5311516655302401	-0.7774480202738699	-0.411136030955462	0.823	0	0.936
868032	GRCh38:17:43049166:A:C	Cys1787Trp	ENST00000357654.9:c.5361T>G	-1.95535837760952	-1.96549557052674	-1.9452211846923104	-0.5465035629337001	0.789	0	0.763
868367	GRCh38:17:43049174:G:C	Gln1785Glu	ENST00000357654.9:c.5353C>G	0.269408296524204	0.1376581747251289	0.4011584183232801	-0.0856486835148084	0.374	0.3	0.003
865368	GRCh38:17:43049181:C:G	Trp1782Cys	ENST00000357654.9:c.5346G>C	-0.17742550575048	-0.267343837770956	-0.0875071737300043	-0.0764109342471034	0.533	0.04	0.991
868022	GRCh38:17:43049189:G:C	Leu1780Val	ENST00000357654.9:c.5338C>G	-0.6909530416435962	-0.5205390755571849	-0.861367007730006	-0.0768906320736869	0.582	0	0.019
865633	GRCh38:17:43049192:G:T	Gln1779Lys	ENST00000357654.9:c.5335C>A	0.174697663649451	0.170029847846156	0.179365479452747	-0.076686280227299	0.555	0.03	0.153
865356	GRCh38:17:43049193:A:T	Asp1778Glu	ENST00000357654.9:c.5334T>A	-0.20823704088306	-0.138401707133603	-0.278072374632518	-0.2363424936685799	0.527	0.12	0.009
865307	GRCh38:17:43051069:G:T	Pro1776Thr	ENST00000357654.9:c.5326C>A	-0.151370594978487	-0.5743266226234229	0.2715854326664489	-0.418265860650289	0.481	0.18	0.2
865306	GRCh38:17:43051070:C:A	Met1775Ile	ENST00000357654.9:c.5325G>T	-0.844174268411832	-0.265492865915424	-1.42285567090824	-0.7074702195354029	0.606	0	0.085
867980	GRCh38:17:43051086:C:T	Gly1770Glu	ENST00000357654.9:c.5309G>A	-0.2418053402376749	-0.49759917226485	0.0139884917894997	-0.573004245388036	0.677	0.27	0.234
865581	GRCh38:17:43051087:C:T	Gly1770Arg	ENST00000357654.9:c.5308G>A	-1.26337029729486	-2.05027216123825	-0.4764684333514699	0.20586475265598	0.739	0.01	0.299
865283	GRCh38:17:43051092:C:G	Cys1768Ser	ENST00000357654.9:c.5303G>C	-0.513420934838165	-1.10889634222452	0.0820544725481888	-0.0266118107720404	0.733	0	0.209
865272	GRCh38:17:43051102:C:T	Glu1765Lys	ENST00000357654.9:c.5293G>A	-0.102273747831075	-0.1042972757487959	-0.100250219913353	1.12089298731599	0.58	0.11	0.147
868288	GRCh38:17:43051105:G:T	Leu1764Ile	ENST00000357654.9:c.5290C>A	-0.457075645766635	-0.496840159137888	-0.417311132395382	0.220120203553427	0.519	0.01	0.03
868287	GRCh38:17:43051107:C:G	Gly1763Ala	ENST00000357654.9:c.5288G>C	0.6362917429080122	0.8954321379745892	0.377151347841436	-1.03056366423599	0.722	0	0.045
867955	GRCh38:17:43051111:T:A	Arg1762Trp	ENST00000357654.9:c.5284A>T	0.246660900229952	0.5266698511299229	-0.0333480506700191	0.1069194346751259	0.572	0	0.867
868284	GRCh38:17:43051117:T:G	Ile1760Leu	ENST00000357654.9:c.5278A>C	-0.1927880689859669	-0.239946444680816	-0.145629693291118	0.0129208137849663	0.399	0.34	0.015
867287	GRCh38:17:43057068:T:C	Glu1754Gly	ENST00000357654.9:c.5261A>G	-0.106235488064118	0.121488208843773	-0.333959184972009	0.404586198022571	0.75	0	0.091
867267	GRCh38:17:43057089:T:C	Gln1747Arg	ENST00000357654.9:c.5240A>G	0.200842360256771	0.347413048455751	0.0542716720577921	-0.0525497435285424	0.485	0.14	0.003
868199	GRCh38:17:43057105:T:G	Asn1742His	ENST00000357654.9:c.5224A>C	-0.0283156120907143	0.0814466639681328	-0.138077888149561	-0.245356057230285	0.612	0	0.005
868195	GRCh38:17:43057107:A:G	Val1741Ala	ENST00000357654.9:c.5222T>C	-0.274187750020751	-0.345155373008547	-0.203220127032955	0.0607282088010877	0.632	0	0.659
867858	GRCh38:17:43057110:A:C	Val1740Gly	ENST00000357654.9:c.5219T>G	-0.506044073452074	-0.551871379617379	-0.460216767286769	0.0101826087979774	0.805	0	0.974
867857	GRCh38:17:43057111:C:G	Val1740Leu	ENST00000357654.9:c.5218G>C	-0.0635160678177613	-0.1907501083150489	0.0637179726795263	0.189408707650056	0.615	0	0.013
865166	GRCh38:17:43057116:C:G	Gly1738Ala	ENST00000357654.9:c.5213G>C	-2.42390360666334	-2.62719914903356	-2.22060806429312	-0.149025196781048	0.671	0	0.024
868187	GRCh38:17:43057119:C:A	Arg1737Ile	ENST00000357654.9:c.5210G>T	0.204096135852601	0.390714993146856	0.0174772785583452	-0.2567563025234849	0.609	0.01	0.146
868185	GRCh38:17:43057119:C:T	Arg1737Lys	ENST00000357654.9:c.5210G>A	-0.9493474029303448	-0.413589217225454	-1.48510558863524	-0.0473300749473913	0.475	0.15	0.195
865156	GRCh38:17:43057126:C:G	Glu1735Gln	ENST00000357654.9:c.5203G>C	-0.249794861930793	-0.238102626292379	-0.261487097569207	-0.343185899398627	0.779	0	0.124
867500	GRCh38:17:43057135:G:T	His1732Asn	ENST00000357654.9:c.5194C>A	-0.5866640054502329	0.0479052300480673	-1.22123324094853	-0.1518976683247009	0.5	0.07	0.176
867789	GRCh38:17:43063333:C:A	Glu1731Asp	ENST00000357654.9:c.5193G>T	-0.0311382534387421	0.198319924286073	-0.260596431163557	NA	0.594	0.03	0.048
867786	GRCh38:17:43063334:T:C	Glu1731Gly	ENST00000357654.9:c.5192A>G	0.0652273024678645	0.364637490156898	-0.2341828852211689	NA	0.769	0.01	0.301
865097	GRCh38:17:43063337:T:G	Asn1730Thr	ENST00000357654.9:c.5189A>C	-0.178811215209827	-0.376737989574154	0.0191155591544996	NA	0.511	0.01	0
865094	GRCh38:17:43063338:T:G	Asn1730His	ENST00000357654.9:c.5188A>C	0.421659853859503	0.493344328678008	0.349975379040997	NA	0.493	0.06	0.123
868120	GRCh38:17:43063341:G:C	Leu1729Val	ENST00000357654.9:c.5185C>G	0.196300676287272	0.398235310311617	-0.0056339577370735	NA	0.603	0	0.096
867781	GRCh38:17:43063342:C:T	Met1728Ile	ENST00000357654.9:c.5184G>A	-0.296985542916493	-0.175883466223284	-0.418087619609702	NA	0.441	1	0.001
867776	GRCh38:17:43063344:T:C	Met1728Val	ENST00000357654.9:c.5182A>G	0.113929224486424	0.4929066326540879	-0.26504818368124	NA	0.48	0.46	0.003
867445	GRCh38:17:43063346:T:G	Lys1727Thr	ENST00000357654.9:c.5180A>C	0.1772598575328569	-0.0437443537240654	0.39826406878978	NA	0.628	0.01	0.761
867444	GRCh38:17:43063347:T:C	Lys1727Glu	ENST00000357654.9:c.5179A>G	0.552034290481192	0.730876528689111	0.373192052273272	NA	0.599	0	0.006
865082	GRCh38:17:43063349:C:T	Arg1726Lys	ENST00000357654.9:c.5177G>A	0.0656067842873872	0.0236189498724497	0.107594618702325	NA	0.496	0.34	0.003
868771	GRCh38:17:43063352:T:C	Glu1725Gly	ENST00000357654.9:c.5174A>G	0.230840789668226	0.333405889669158	0.128275689667293	NA	0.531	0.02	0.01
868766	GRCh38:17:43063361:G:C	Ser1722Cys	ENST00000357654.9:c.5165C>G	0.197527537137091	0.6550560829903691	-0.260001008716188	NA	0.645	0.04	0.003
867755	GRCh38:17:43063364:T:C	Gln1721Arg	ENST00000357654.9:c.5162A>G	-0.203878344046421	-0.1067169071632399	-0.301039780929602	NA	0.586	0.13	0.066
865030	GRCh38:17:43063874:A:G	Trp1718Arg	ENST00000357654.9:c.5152T>C	-1.6503322359382702	-1.56891265173271	-1.73175182014384	-0.39915761257266	0.915	0	0.195
867402	GRCh38:17:43063883:T:C	Ser1715Gly	ENST00000357654.9:c.5143A>G	-0.8945015747535859	-0.916184107386249	-0.872819042120923	0.257534697787023	0.698	0	0.334
865011	GRCh38:17:43063886:C:G	Val1714Leu	ENST00000357654.9:c.5140G>C	-0.0114337714354798	-0.287009198035318	0.264141655164359	-0.0857637267266773	0.655	0	0.036
865010	GRCh38:17:43063886:C:T	Val1714Ile	ENST00000357654.9:c.5140G>A	-0.4388771292981029	-0.414451603050817	-0.4633026555453889	-0.295719565805336	0.59	0	0.078
868701	GRCh38:17:43063888:A:T	Val1713Glu	ENST00000357654.9:c.5138T>A	-2.18378786479938	-2.03820470088309	-2.32937102871567	-0.340781921840293	0.76	0	0.514
867685	GRCh38:17:43063892:A:G	Trp1712Arg	ENST00000357654.9:c.5134T>C	-0.237008767323878	-0.0999182807663833	-0.374099253881372	-0.1959231057278889	0.879	0	0.439
868692	GRCh38:17:43063898:C:G	Gly1710Arg	ENST00000357654.9:c.5128G>C	0.3834514875001129	0.5183146330746761	0.248588341925549	0.268320164362382	0.668	0.29	0.366
868687	GRCh38:17:43063900:C:G	Gly1709Ala	ENST00000357654.9:c.5126G>C	0.116068252212263	0.264533853600811	-0.0323973491762843	0.262338370947498	0.703	0	0.618
867662	GRCh38:17:43063914:A:C	Phe1704Leu	ENST00000357654.9:c.5112T>G	-1.85217401205403	-1.67023569606816	-2.03411232803989	-0.0981808684810214	0.607	0	0.007
868634	GRCh38:17:43063933:T:C	Glu1698Gly	ENST00000357654.9:c.5093A>G	-0.1384841285817349	-0.074349076816638	-0.202619180346831	0.1260725942812569	0.704	0	0.717
867593	GRCh38:17:43067614:T:C	Lys1690Glu	ENST00000357654.9:c.5068A>G	-0.629180784542703	-0.6686055873387471	-0.5897559817466589	0.3522004887722449	0.665	0	0.013
867591	GRCh38:17:43067615:C:G	Met1689Ile	ENST00000357654.9:c.5067G>C	-0.095807980502264	-0.0648875808985836	-0.126728380105944	-0.258920630020674	0.491	0.17	0.054
864898	GRCh38:17:43067617:T:A	Met1689Leu	ENST00000357654.9:c.5065A>T	-0.484375978767089	-0.262395710641907	-0.7063562468922719	-0.8788434179850391	0.522	0.01	0.031
868974	GRCh38:17:43067620:C:T	Val1688Ile	ENST00000357654.9:c.5062G>A	0.0487756195300588	0.0738265568004616	0.0237246822596561	-0.278617214088284	0.477	1	0
868574	GRCh38:17:43067623:C:G	Val1687Leu	ENST00000357654.9:c.5059G>C	-0.0695057398421208	0.312171604037208	-0.45118308372145	0.589022005261394	0.546	0	0.011
868965	GRCh38:17:43067631:G:C	Thr1684Ser	ENST00000357654.9:c.5051C>G	-1.30500871881027	-1.01592481178366	-1.59409262583688	-1.89552210130402	0.745	0	0.915
868565	GRCh38:17:43067633:C:A	Glu1683Asp	ENST00000357654.9:c.5049G>T	-0.1626616335581309	-0.189121886409233	-0.13620138070703	-0.919442878068022	0.603	0.13	0.39
867573	GRCh38:17:43067635:C:T	Glu1683Lys	ENST00000357654.9:c.5047G>A	-1.99075203431829	-1.9579861628644	-2.02351790577218	-2.84561033687153	0.612	0.03	0.04
868952	GRCh38:17:43067643:A:C	Ile1680Ser	ENST00000357654.9:c.5039T>G	-0.272118587848758	-0.3666049862676629	-0.177632189429853	0.382562473413181	0.674	0	0.166
868551	GRCh38:17:43067644:T:C	Ile1680Val	ENST00000357654.9:c.5038A>G	0.1580576303348919	0.252734781838581	0.063380478831202	0.0281508207022288	0.444	0.16	0.001
867560	GRCh38:17:43067646:A:C	Leu1679Arg	ENST00000357654.9:c.5036T>G	0.2546109257225439	0.3240244251009639	0.185197426344124	0.1725452791605199	0.484	0.18	0.081
867556	GRCh38:17:43067648:A:C	Asn1678Lys	ENST00000357654.9:c.5034T>G	0.193543714315205	0.2615708795049219	0.1255165491254889	0.0304076130805114	0.463	0	0.181
865556	GRCh38:17:43067649:T:C	Asn1678Ser	ENST00000357654.9:c.5033A>G	0.2029688968670079	0.089925760446467	0.316012033287549	-0.983062360348712	0.259	0.03	0.007
865554	GRCh38:17:43067650:T:A	Asn1678Tyr	ENST00000357654.9:c.5032A>T	-0.0799880288479798	0.0828129933328966	-0.242789051028856	-0.135488939942715	0.604	0	0.491
865553	GRCh38:17:43067650:T:C	Asn1678Asp	ENST00000357654.9:c.5032A>G	0.519645257077495	0.776232330314297	0.2630581838406919	0.5120178920973061	0.398	0.43	0.2
868940	GRCh38:17:43067653:T:C	Thr1677Ala	ENST00000357654.9:c.5029A>G	-0.398041548203807	-0.463744373009511	-0.332338723398103	-0.4949528668449299	0.489	0.04	0.051
868927	GRCh38:17:43067667:T:C	His1672Arg	ENST00000357654.9:c.5015A>G	0.5042527341928329	0.6193894575494749	0.3891160108361899	0.986581969755872	0.514	0.05	0.018
868525	GRCh38:17:43067670:T:C	Lys1671Arg	ENST00000357654.9:c.5012A>G	0.298685820996946	0.315803620045816	0.281568021948075	0.424604123607655	0.42	0.08	0
867533	GRCh38:17:43067672:T:A	Arg1670Ser	ENST00000357654.9:c.5010A>T	-1.2450465215430602	-1.03390482348208	-1.45618821960404	-0.101813155037348	0.651	0	0.859
865528	GRCh38:17:43067673:C:T	Arg1670Lys	ENST00000357654.9:c.5009G>A	-1.5526979248423	-1.47061446403379	-1.6347813856508002	-0.6507323724473559	0.376	0.12	0.062
865526	GRCh38:17:43067674:T:C	Arg1670Gly	ENST00000357654.9:c.5008A>G	0.217765798580629	0.0528097478222324	0.382721849339026	0.251178974576486	0.687	0	0.893
868916	GRCh38:17:43067678:A:C	Phe1668Leu	ENST00000357654.9:c.5004T>G	-0.045968038805677	-0.0923792323592009	0.0004431547478468	0.0041599079034448	0.542	0	0.239
868514	GRCh38:17:43067680:A:G	Phe1668Leu	ENST00000357654.9:c.5002T>C	0.2545107218857499	0.327674983107214	0.181346460664286	0.458311527556609	0.601	0	0.239
865515	GRCh38:17:43067685:T:A	Tyr1666Phe	ENST00000357654.9:c.4997A>T	-0.0410385296899268	0.331775147656776	-0.41385220703663	-0.0464502194062194	0.448	0	0.007
868905	GRCh38:17:43067688:A:T	Val1665Glu	ENST00000357654.9:c.4994T>A	-1.72003404972147	-1.722896363998	-1.71717173544494	0.656031282027217	0.775	0	0.119
868501	GRCh38:17:43067692:G:C	Leu1664Val	ENST00000357654.9:c.4990C>G	-0.447092426335367	-0.648621115015684	-0.2455637376550489	0.0376043056935194	0.532	0.07	0.001
868099	GRCh38:17:43067693:C:A	Met1663Ile	ENST00000357654.9:c.4989G>T	-0.404924608574949	-0.271280610745209	-0.538568606404689	-0.0650303356379747	0.559	0.01	0.001
868095	GRCh38:17:43067694:A:G	Met1663Thr	ENST00000357654.9:c.4988T>C	-0.8088266943784	-0.5589547093927671	-1.05869867936403	-0.827786244215535	0.534	0.03	0.16
868081	GRCh38:17:43070929:A:C	Phe1662Cys	ENST00000357654.9:c.4985T>G	0.7481641672689759	0.8242459434211701	0.672082391116782	0.149900037770798	0.523	0.09	0.023
865489	GRCh38:17:43070929:A:T	Phe1662Tyr	ENST00000357654.9:c.4985T>A	0.052872220357304	0.260173049069609	-0.154428608355001	-0.4625965609942229	0.488	0.41	0.127
865487	GRCh38:17:43070930:A:G	Phe1662Leu	ENST00000357654.9:c.4984T>C	-0.0496224300991557	0.0160633898633287	-0.11530825006164	-0.200658681763273	0.364	0.92	0.003
868470	GRCh38:17:43070935:T:G	Glu1660Ala	ENST00000357654.9:c.4979A>C	0.13457731401999	-0.48360707224364	0.7527617002836201	0.363954267454664	0.586	0	0.267
868458	GRCh38:17:43070948:C:T	Gly1656Ser	ENST00000357654.9:c.4966G>A	-0.499145944604371	-0.977687159943303	-0.02060472926544	0.298602310597461	0.734	0	0.189
868867	GRCh38:17:43070967:T:G	Arg1649Ser	ENST00000357654.9:c.4947A>C	0.208336568294786	0.510785608297	-0.0941124717074285	-0.189078690377145	0.619	0.03	0.769
868865	GRCh38:17:43070968:C:T	Arg1649Lys	ENST00000357654.9:c.4946G>A	0.075178455167008	0.0136481524819126	0.136708757852103	-0.26478678068748	0.56	0.17	0.825
868440	GRCh38:17:43070969:T:C	Arg1649Gly	ENST00000357654.9:c.4945A>G	0.5222316512188301	1.03602940549262	0.0084338969450399	-0.0596520163670217	0.596	0.19	0.866
868425	GRCh38:17:43070980:C:T	Arg1645Lys	ENST00000357654.9:c.4934G>A	-0.0560751717928809	-0.497491963542493	0.385341619956731	0.372735118765068	0.618	0.14	0.06
865429	GRCh38:17:43070986:G:A	Thr1643Ile	ENST00000357654.9:c.4928C>T	-0.174565420561269	0.246319696866868	-0.595450537989406	-0.0667308150819383	0.601	0.1	0.059
868410	GRCh38:17:43070992:G:T	Ala1641Asp	ENST00000357654.9:c.4922C>A	0.441891174889265	0.191505224219936	0.692277125558593	-0.283269149143847	0.533	0.01	0.035
865684	GRCh38:17:43070995:G:A	Thr1640Ile	ENST00000357654.9:c.4919C>T	-0.0218986974718469	0.255864811229116	-0.29966220617281	-0.418749290638986	0.587	0.77	0.005
865415	GRCh38:17:43070997:C:A	Leu1639Phe	ENST00000357654.9:c.4917G>T	-0.128654136121499	0.1125727541990619	-0.369881026442061	-0.381674212930443	0.588	0.66	0.001
865674	GRCh38:17:43071005:G:T	Pro1637Thr	ENST00000357654.9:c.4909C>A	-0.659918849676847	-0.6159955492648721	-0.7038421500888209	0.0574752270246409	0.568	0	0.005
868839	GRCh38:17:43071010:T:C	Glu1635Gly	ENST00000357654.9:c.4904A>G	-0.09675439111036	0.46689887428118	-0.6604076565019	-0.0549653877725626	0.488	0.21	0.024
865663	GRCh38:17:43071016:C:T	Ser1633Asn	ENST00000357654.9:c.4898G>A	-0.1227211530183019	0.0854081023646437	-0.3308504084012479	-0.363586272396489	0.355	0.12	0
868834	GRCh38:17:43071023:T:C	Ser1631Gly	ENST00000357654.9:c.4891A>G	0.305708317472987	0.3849987901299149	0.2264178448160589	-0.5291320943552771	0.499	0.25	0.017
868828	GRCh38:17:43104881:G:T	Asp96Glu	ENST00000357654.9:c.288C>A	-3.8443814269126295	-2.6815359873565896	-5.0072268664686606	-0.468750303601998	0.102	0	0.095
865628	GRCh38:17:43104888:T:G	Gln94Pro	ENST00000357654.9:c.281A>C	-1.2029044729423	-1.3695501597380502	-1.03625878614654	-0.223773522339123	0.115	0	0.044
868342	GRCh38:17:43104895:C:A	Ala92Ser	ENST00000357654.9:c.274G>T	-0.580671009093887	0.256884262394083	-1.4182262805818602	-0.0734079516238039	0.64	0	0.638
865611	GRCh38:17:43104909:A:G	Leu87Ser	ENST00000357654.9:c.260T>C	0.0036569972417714	0.038930549186509	-0.0316165547029661	0.160349994835469	0.665	0.02	0.64
865610	GRCh38:17:43104910:A:T	Leu87Met	ENST00000357654.9:c.259T>A	-0.436587615023912	-0.9371618003278492	0.0639865702800238	0.0713127634728099	0.531	0	0.9
865339	GRCh38:17:43104912:A:G	Leu86Pro	ENST00000357654.9:c.257T>C	-1.9964456629302496	-2.4974425879784103	-1.4954487378820902	-0.13835043139545	0.767	0	0.98
868809	GRCh38:17:43104914:C:G	Glu85Asp	ENST00000357654.9:c.255G>C	-0.772470137838265	-1.36897387330273	-0.175966402373804	-0.0688626971622879	0.552	0.09	0.722
868804	GRCh38:17:43104916:C:G	Glu85Gln	ENST00000357654.9:c.253G>C	0.5965181635971739	0.504341606459649	0.688694720734699	0.245470690320613	0.65	0.03	0.095
868315	GRCh38:17:43104916:C:T	Glu85Lys	ENST00000357654.9:c.253G>A	-3.71822115320077	-2.72371383000814	-4.71272847639339	-2.58868430260996	0.68	0.03	0.56
868310	GRCh38:17:43104918:T:C	Glu84Gly	ENST00000357654.9:c.251A>G	0.0977008263695057	0.044257165297446	0.151144487441565	0.620125359117543	0.743	0	0.638
865327	GRCh38:17:43104919:C:T	Glu84Lys	ENST00000357654.9:c.250G>A	-1.4151940527380702	-2.394995918080609	-0.435392187395544	-1.49551716883044	0.628	0.01	0.482
867375	GRCh38:17:43104922:C:G	Val83Leu	ENST00000357654.9:c.247G>C	-0.5153134800922079	-0.6691544294744599	-0.361472530709956	-0.101696115575864	0.682	0	0.306
867371	GRCh38:17:43104924:A:C	Leu82Arg	ENST00000357654.9:c.245T>G	-2.5096592901989103	-2.18096309244051	-2.83835548795731	0.0821505887366002	0.804	0	0.058
868803	GRCh38:17:43104925:G:A	Leu82Phe	ENST00000357654.9:c.244C>T	-1.79948636614858	-1.84874590692768	-1.7502268253694702	-0.7017890848257421	0.693	0	0.078
868802	GRCh38:17:43104925:G:C	Leu82Val	ENST00000357654.9:c.244C>G	-0.788895725099636	-1.22900808724055	-0.348783362958718	-0.0741640846284883	0.647	0	0.638
868800	GRCh38:17:43104926:T:A	Gln81His	ENST00000357654.9:c.243A>T	-1.3942695239741298	-2.20906061714912	-0.5794784307991401	0.1440706100676499	0.56	0	0.81
868798	GRCh38:17:43104927:T:C	Gln81Arg	ENST00000357654.9:c.242A>G	0.198078810911722	-0.298525496212596	0.694683118036041	0.270547124570975	0.614	0	0.029
865313	GRCh38:17:43104931:T:C	Ser80Gly	ENST00000357654.9:c.238A>G	0.141974945502884	0.175681747289845	0.108268143715924	-0.1768707188896869	0.619	0.04	0.842
865312	GRCh38:17:43104931:T:G	Ser80Arg	ENST00000357654.9:c.238A>C	-0.763797379784919	-0.624376485573047	-0.903218273996791	0.310503140234053	0.681	0	0.435
865309	GRCh38:17:43104932:A:T	Phe79Leu	ENST00000357654.9:c.237T>A	0.0545034602353462	-0.218365767375195	0.3273726878458869	0.380840539841001	0.75	0	0.283
867368	GRCh38:17:43104933:A:C	Phe79Cys	ENST00000357654.9:c.236T>G	-0.194974239294707	-0.9958374564146668	0.6058889778252541	0.7528416436233841	0.801	0	0.852
867367	GRCh38:17:43104933:A:G	Phe79Ser	ENST00000357654.9:c.236T>C	-0.6483022245832939	-0.501644201098239	-0.7949602480683491	-0.3586918576841429	0.85	0	0.047
867365	GRCh38:17:43104934:A:G	Phe79Leu	ENST00000357654.9:c.235T>C	-0.30018783974369	0.0909038333225833	-0.691279512809963	-0.2829621503562119	0.728	0	0.283
865301	GRCh38:17:43104940:T:G	Thr77Pro	ENST00000357654.9:c.229A>C	-0.6313819436270239	-0.501593789515835	-0.761170097738213	-0.0808623284884202	0.673	0.13	0.812
867985	GRCh38:17:43104943:T:C	Ser76Gly	ENST00000357654.9:c.226A>G	0.844991185551513	0.684607919240827	1.0053744518622	-0.6014114268327729	0.734	0.01	0.881
867357	GRCh38:17:43104946:C:G	Glu75Gln	ENST00000357654.9:c.223G>C	-0.9728596889907508	-1.40281191814248	-0.542907459839019	0.303177024495167	0.541	0.01	0.724
867977	GRCh38:17:43104954:C:A	Ser72Ile	ENST00000357654.9:c.215G>T	-1.01387392358275	-1.82495359396887	-0.202794253196633	0.615588590686708	0.672	0	0.071
867971	GRCh38:17:43104956:C:A	Arg71Ser	ENST00000357654.9:c.213G>T	-2.40516553009356	-1.78793431281851	-3.0223967473686004	-1.13914175289414	0.718	0	0.237
868282	GRCh38:17:43106462:G:C	Thr69Ser	ENST00000357654.9:c.206C>G	-0.201005025579741	0.0655051983024039	-0.467515249461886	-0.1722048694883149	0.646	0	0.376
868278	GRCh38:17:43106464:T:C	Ile68Met	ENST00000357654.9:c.204A>G	0.122549115399585	0.160163944884362	0.0849342859148076	0.415175408133118	0.646	0	0.81
867326	GRCh38:17:43106468:T:C	Asp67Gly	ENST00000357654.9:c.200A>G	0.0456568383840613	0.145499385818807	-0.0541857090506838	-0.0794304633899261	0.589	0.03	0.156
868265	GRCh38:17:43106474:T:G	Lys65Thr	ENST00000357654.9:c.194A>C	-0.0847304380898753	-0.0070423575676241	-0.162418518612126	0.468138841845609	0.732	0	0.724
865233	GRCh38:17:43106483:G:A	Pro62Leu	ENST00000357654.9:c.185C>T	-0.530946091433252	-0.557728276140337	-0.5041639067261671	0.205926242896041	0.919	0	0.99
868256	GRCh38:17:43106484:G:A	Pro62Ser	ENST00000357654.9:c.184C>T	-0.7396213872834421	-0.723186869572558	-0.756055904994326	0.0261901209199489	0.888	0	0.876
867923	GRCh38:17:43106486:C:A	Cys61Phe	ENST00000357654.9:c.182G>T	-1.93751901318034	-1.70581845479516	-2.16921957156553	-0.763412046551418	0.956	0	0.944
868242	GRCh38:17:43106495:G:T	Pro58His	ENST00000357654.9:c.173C>A	-1.46809657233464	-1.66039444176079	-1.27579870290849	0.2110930934408769	0.65	0	0.98
867292	GRCh38:17:43106503:C:A	Lys55Asn	ENST00000357654.9:c.165G>T	0.0127625313699572	0.0653761670230008	-0.0398511042830863	0.147929013756958	0.576	0	0.23
868234	GRCh38:17:43106508:G:C	Gln54Glu	ENST00000357654.9:c.160C>G	-0.314001650399221	-0.0562478113683325	-0.571755489430109	-0.138724019497561	0.577	0	0.684
867281	GRCh38:17:43106514:G:C	Leu52Val	ENST00000357654.9:c.154C>G	-0.1050636875934259	0.211693811744376	-0.421821186931229	0.332691051804025	0.686	0	0.904
865203	GRCh38:17:43106517:G:A	Leu51Phe	ENST00000357654.9:c.151C>T	-0.145244780755562	-0.125773529450608	-0.164716032060517	0.2201644348745439	0.688	0	0.978
867886	GRCh38:17:43106522:A:G	Leu49Pro	ENST00000357654.9:c.146T>C	-1.62451858428158	-1.49107406051765	-1.7579631080455198	0.070557346082299	0.741	0	0.973
867269	GRCh38:17:43106525:A:G	Met48Thr	ENST00000357654.9:c.143T>C	-0.0633378478729209	0.169783515744965	-0.296459211490807	0.353441282819655	0.72	0	0.589
867878	GRCh38:17:43106532:A:C	Phe46Val	ENST00000357654.9:c.136T>G	-0.400503796929427	-0.41157791393389	-0.389429679924964	-0.142473420111484	0.679	0.01	0.631
867877	GRCh38:17:43106532:A:G	Phe46Leu	ENST00000357654.9:c.136T>C	-0.578320565388626	-0.644882193881953	-0.511758936895299	1.04810666299443	0.659	0.01	0.631
865153	GRCh38:17:43115726:T:A	Lys45Ile	ENST00000357654.9:c.134A>T	-2.4358058246935497	-2.91799281814995	-1.9536188312371496	-0.467519122910496	0.356	0	0.022
865150	GRCh38:17:43115727:T:C	Lys45Glu	ENST00000357654.9:c.133A>G	-0.634450233958355	-0.8149735081125731	-0.453926959804136	-0.201036193609522	0.562	0	0.085
867833	GRCh38:17:43115731:A:C	Phe43Leu	ENST00000357654.9:c.129T>G	-1.1818865203369198	-1.2049314897664	-1.15884155090744	0.0954353228635691	0.799	0.01	0.684
867829	GRCh38:17:43115732:A:T	Phe43Tyr	ENST00000357654.9:c.128T>A	-0.221090144399722	-0.279157149006103	-0.163023139793341	-0.174855073901287	0.66	0	0.705
867828	GRCh38:17:43115733:A:C	Phe43Val	ENST00000357654.9:c.127T>G	-1.03847047425694	-1.3508542361069	-0.7260867124069771	0.294631134990405	0.801	0.03	0.767
867506	GRCh38:17:43115735:A:G	Ile42Thr	ENST00000357654.9:c.125T>C	-0.0757505608216063	-0.1493082722277409	-0.002192849415472	0.164764695856798	0.599	0	0.83
865133	GRCh38:17:43115747:T:A	Lys38Met	ENST00000357654.9:c.113A>T	-0.271030936348293	-0.535307324930621	-0.0067545477659654	-0.131760010553554	0.637	0	0.972
865132	GRCh38:17:43115747:T:C	Lys38Arg	ENST00000357654.9:c.113A>G	-0.187628556558442	-0.339819535207419	-0.0354375779094648	0.015978430548444	0.55	0.05	0.875
865129	GRCh38:17:43115748:T:C	Lys38Glu	ENST00000357654.9:c.112A>G	-0.0591683644642362	-0.216396368923996	0.0980596399955233	0.0204290550735512	0.567	0	0.834
868145	GRCh38:17:43115751:T:G	Thr37Pro	ENST00000357654.9:c.109A>C	-0.368808462244033	-0.298443186613233	-0.439173737874832	0.129413192876448	0.821	0.01	0.085
867489	GRCh38:17:43115757:C:T	Val35Ile	ENST00000357654.9:c.103G>A	-0.3373746262212529	-0.326428727576974	-0.348320524865531	-0.4467260178098099	0.512	0.11	0.294
865117	GRCh38:17:43115760:G:T	Pro34Thr	ENST00000357654.9:c.100C>A	-1.18400047550482	-1.00115283780658	-1.36684811320307	-0.166991096304257	0.839	0	0.907
867793	GRCh38:17:43115766:T:C	Lys32Glu	ENST00000357654.9:c.94A>G	-0.0877744100664281	-0.0271313886530522	-0.148417431479804	-0.126819499183681	0.624	0.05	0.23
867477	GRCh38:17:43115768:A:G	Ile31Thr	ENST00000357654.9:c.92T>C	-0.133781446217631	-0.129701777843089	-0.137861114592173	0.147476708022286	0.684	0	0.83
867476	GRCh38:17:43115768:A:T	Ile31Asn	ENST00000357654.9:c.92T>A	-0.8282234786938331	-0.76059936688813	-0.895847590499536	-0.199890797730932	0.695	0	0.92
865103	GRCh38:17:43115771:A:C	Leu30Trp	ENST00000357654.9:c.89T>G	-0.295743493236045	-0.246247826208244	-0.3452391602638449	-0.072688826506763	0.712	0	0.997
865102	GRCh38:17:43115771:A:G	Leu30Ser	ENST00000357654.9:c.89T>C	0.0601091190569478	0.0299776241380424	0.0902406139758532	-0.103911454076606	0.627	0	0.986
868122	GRCh38:17:43115775:C:T	Glu29Lys	ENST00000357654.9:c.85G>A	-0.645511679301639	-0.682885264245636	-0.6081380943576421	-0.039307171866866	0.713	0	0.881
867464	GRCh38:17:43115778:G:T	Leu28Met	ENST00000357654.9:c.82C>A	-0.559160152972987	-0.55123095001223	-0.567089355933744	-0.258073564538173	0.59	0	0.973
868756	GRCh38:17:43124028:C:A	Glu23Asp	ENST00000357654.9:c.69G>T	-0.8732068931060449	-0.8971723773321371	-0.849241408879953	-0.22846972698803	0.609	0	0.638
867739	GRCh38:17:43124030:C:T	Glu23Lys	ENST00000357654.9:c.67G>A	-0.342968970516733	0.0669715459635127	-0.752909486996979	-0.0771149665497279	0.734	0	0.095
868743	GRCh38:17:43124039:T:C	Lys20Glu	ENST00000357654.9:c.58A>G	-0.419304746954729	-0.485860144526465	-0.352749349382992	0.1121948878831709	0.692	0	0.56
867726	GRCh38:17:43124042:G:C	Gln19Glu	ENST00000357654.9:c.55C>G	-0.170930864062617	-0.121558506795078	-0.2203032213301559	0.1186525074071049	0.686	0	0.354
867724	GRCh38:17:43124043:C:A	Met18Ile	ENST00000357654.9:c.54G>T	-0.1938459867704549	-0.0134691780861049	-0.3742227954548049	-0.8413890461345659	0.678	0	0.17
865042	GRCh38:17:43124045:T:C	Met18Val	ENST00000357654.9:c.52A>G	-0.947284908003992	-0.919454878294643	-0.97511493771334	-0.2290737306404519	0.667	0	0.022
869097	GRCh38:17:43124047:G:C	Ala17Gly	ENST00000357654.9:c.50C>G	-0.180847973262728	-0.448416980567009	0.0867210340415541	0.0607302533454686	0.544	0.14	0.638
869095	GRCh38:17:43124048:C:G	Ala17Pro	ENST00000357654.9:c.49G>C	-2.8798217378467	-3.7536575212067	-2.00598595448671	-1.2560292026086202	0.639	0	0.9
865032	GRCh38:17:43124056:A:G	Val14Ala	ENST00000357654.9:c.41T>C	0.062406302949053	0.0298341489869188	0.0949784569111872	0.329319990909805	0.643	0	0.61
869084	GRCh38:17:43124068:T:C	Glu10Gly	ENST00000357654.9:c.29A>G	-0.183632895124666	-0.173257435208259	-0.194008355041073	-0.1519128713466979	0.787	0	0.724
869080	GRCh38:17:43124069:C:T	Glu10Lys	ENST00000357654.9:c.28G>A	-0.7696158789837689	-0.301983974702285	-1.23724778326525	-0.5892917464551191	0.723	0	0.322
867693	GRCh38:17:43124074:A:G	Val8Ala	ENST00000357654.9:c.23T>C	0.2234064970773299	0.0896789703135292	0.3571340238411299	5.5609023384681895e-05	0.591	0.03	0.009
867692	GRCh38:17:43124074:A:T	Val8Asp	ENST00000357654.9:c.23T>A	-1.12167589876894	-1.32805878996447	-0.9152930075734128	0.1533040266701709	0.674	0	0.007
868697	GRCh38:17:43124081:G:C	Leu6Val	ENST00000357654.9:c.16C>G	0.163586304203768	0.0818767457600017	0.245295862647535	-0.429473489766981	0.447	1	0
867681	GRCh38:17:43124084:C:T	Ala5Thr	ENST00000357654.9:c.13G>A	-0.0878381970969909	-0.238855610843998	0.0631792166500161	-0.238102033132805	0.525	0.27	0.119
869066	GRCh38:17:43124089:A:G	Leu3Ser	ENST00000357654.9:c.8T>C	-0.0664564027844771	0.021529128947228	-0.154441934516182	-0.174447887450491	0.548	0.11	0.532
868684	GRCh38:17:43124092:T:C	Asp2Gly	ENST00000357654.9:c.5A>G	-1.01782797782734	-1.40944897377936	-0.6262069818753331	0.0167900003553462	0.654	0	0.995
